-- MySQL dump 10.13  Distrib 8.0.43, for macos15 (arm64)
--
-- Host: localhost    Database: refrigerator_db
-- ------------------------------------------------------
-- Server version	8.0.43

/*!40101 SET @OLD_CHARACTER_SET_CLIENT=@@CHARACTER_SET_CLIENT */;
/*!40101 SET @OLD_CHARACTER_SET_RESULTS=@@CHARACTER_SET_RESULTS */;
/*!40101 SET @OLD_COLLATION_CONNECTION=@@COLLATION_CONNECTION */;
/*!50503 SET NAMES utf8 */;
/*!40103 SET @OLD_TIME_ZONE=@@TIME_ZONE */;
/*!40103 SET TIME_ZONE='+00:00' */;
/*!40014 SET @OLD_UNIQUE_CHECKS=@@UNIQUE_CHECKS, UNIQUE_CHECKS=0 */;
/*!40014 SET @OLD_FOREIGN_KEY_CHECKS=@@FOREIGN_KEY_CHECKS, FOREIGN_KEY_CHECKS=0 */;
/*!40101 SET @OLD_SQL_MODE=@@SQL_MODE, SQL_MODE='NO_AUTO_VALUE_ON_ZERO' */;
/*!40111 SET @OLD_SQL_NOTES=@@SQL_NOTES, SQL_NOTES=0 */;

--
-- Table structure for table `bookmark`
--

DROP TABLE IF EXISTS `bookmark`;
/*!40101 SET @saved_cs_client     = @@character_set_client */;
/*!50503 SET character_set_client = utf8mb4 */;
CREATE TABLE `bookmark` (
  `id` bigint NOT NULL AUTO_INCREMENT,
  `recipe_id` bigint NOT NULL,
  `recipe_type` varchar(255) NOT NULL,
  `user_id` bigint DEFAULT NULL,
  PRIMARY KEY (`id`),
  KEY `FKo4vbqvq5trl11d85bqu5kl870` (`user_id`),
  CONSTRAINT `FKo4vbqvq5trl11d85bqu5kl870` FOREIGN KEY (`user_id`) REFERENCES `users` (`id`)
) ENGINE=InnoDB AUTO_INCREMENT=25 DEFAULT CHARSET=utf8mb4 COLLATE=utf8mb4_0900_ai_ci;
/*!40101 SET character_set_client = @saved_cs_client */;

--
-- Dumping data for table `bookmark`
--

LOCK TABLES `bookmark` WRITE;
/*!40000 ALTER TABLE `bookmark` DISABLE KEYS */;
INSERT INTO `bookmark` VALUES (6,4,'CUSTOM',11),(7,13,'CUSTOM',11),(8,14,'CUSTOM',11),(9,2,'AI',11),(10,11,'AI',16),(11,10,'AI',16),(16,26,'CUSTOM',10),(17,4,'CUSTOM',10),(18,13,'CUSTOM',10),(19,14,'CUSTOM',10),(20,15,'CUSTOM',10),(21,16,'CUSTOM',10),(22,17,'CUSTOM',10),(23,18,'CUSTOM',10),(24,21,'CUSTOM',10);
/*!40000 ALTER TABLE `bookmark` ENABLE KEYS */;
UNLOCK TABLES;

--
-- Table structure for table `dislikes`
--

DROP TABLE IF EXISTS `dislikes`;
/*!40101 SET @saved_cs_client     = @@character_set_client */;
/*!50503 SET character_set_client = utf8mb4 */;
CREATE TABLE `dislikes` (
  `dislike_id` bigint NOT NULL AUTO_INCREMENT,
  `recipe_id` bigint DEFAULT NULL,
  `user_id` bigint DEFAULT NULL,
  PRIMARY KEY (`dislike_id`),
  UNIQUE KEY `UKd42b00hdri5t1xuoce3lhho1` (`user_id`,`recipe_id`),
  KEY `FKnv9dusbhfjd4mecjnl4h4jee4` (`recipe_id`),
  CONSTRAINT `FKdej1eqv0prsavr1warenj7ceb` FOREIGN KEY (`user_id`) REFERENCES `users` (`id`),
  CONSTRAINT `FKnv9dusbhfjd4mecjnl4h4jee4` FOREIGN KEY (`recipe_id`) REFERENCES `recipe` (`id`)
) ENGINE=InnoDB AUTO_INCREMENT=28 DEFAULT CHARSET=utf8mb4 COLLATE=utf8mb4_0900_ai_ci;
/*!40101 SET character_set_client = @saved_cs_client */;

--
-- Dumping data for table `dislikes`
--

LOCK TABLES `dislikes` WRITE;
/*!40000 ALTER TABLE `dislikes` DISABLE KEYS */;
/*!40000 ALTER TABLE `dislikes` ENABLE KEYS */;
UNLOCK TABLES;

--
-- Table structure for table `favorite`
--

DROP TABLE IF EXISTS `favorite`;
/*!40101 SET @saved_cs_client     = @@character_set_client */;
/*!50503 SET character_set_client = utf8mb4 */;
CREATE TABLE `favorite` (
  `id` bigint NOT NULL AUTO_INCREMENT,
  `recipe_id` bigint NOT NULL,
  `user_id` bigint NOT NULL,
  PRIMARY KEY (`id`),
  KEY `FKf9bc7126riig40ixsxetxtnnv` (`recipe_id`),
  KEY `FKa2lwa7bjrnbti5v12mga2et1y` (`user_id`),
  CONSTRAINT `FKa2lwa7bjrnbti5v12mga2et1y` FOREIGN KEY (`user_id`) REFERENCES `users` (`id`),
  CONSTRAINT `FKf9bc7126riig40ixsxetxtnnv` FOREIGN KEY (`recipe_id`) REFERENCES `recipe` (`id`)
) ENGINE=InnoDB AUTO_INCREMENT=38 DEFAULT CHARSET=utf8mb4 COLLATE=utf8mb4_0900_ai_ci;
/*!40101 SET character_set_client = @saved_cs_client */;

--
-- Dumping data for table `favorite`
--

LOCK TABLES `favorite` WRITE;
/*!40000 ALTER TABLE `favorite` DISABLE KEYS */;
INSERT INTO `favorite` VALUES (14,2,14),(16,2,10),(17,13,10),(18,10,10),(20,14,11),(21,12,11),(22,10,11),(23,11,11),(24,15,11),(25,4,11),(26,13,11),(27,4,10),(28,14,10),(29,15,10),(30,16,11),(31,17,16),(32,18,10),(33,21,11),(34,25,11),(35,26,10),(36,27,10),(37,2713,10);
/*!40000 ALTER TABLE `favorite` ENABLE KEYS */;
UNLOCK TABLES;

--
-- Table structure for table `hidden_recipe`
--

DROP TABLE IF EXISTS `hidden_recipe`;
/*!40101 SET @saved_cs_client     = @@character_set_client */;
/*!50503 SET character_set_client = utf8mb4 */;
CREATE TABLE `hidden_recipe` (
  `id` bigint NOT NULL AUTO_INCREMENT,
  `recipe_id` bigint NOT NULL,
  `user_id` bigint NOT NULL,
  PRIMARY KEY (`id`),
  KEY `FKc9uimn7kdldbwk9vp5ipyyhqp` (`recipe_id`),
  KEY `FKba30a42cdbeibiip0sxn1gao0` (`user_id`),
  CONSTRAINT `FKba30a42cdbeibiip0sxn1gao0` FOREIGN KEY (`user_id`) REFERENCES `users` (`id`),
  CONSTRAINT `FKc9uimn7kdldbwk9vp5ipyyhqp` FOREIGN KEY (`recipe_id`) REFERENCES `recipe` (`id`)
) ENGINE=InnoDB AUTO_INCREMENT=8 DEFAULT CHARSET=utf8mb4 COLLATE=utf8mb4_0900_ai_ci;
/*!40101 SET character_set_client = @saved_cs_client */;

--
-- Dumping data for table `hidden_recipe`
--

LOCK TABLES `hidden_recipe` WRITE;
/*!40000 ALTER TABLE `hidden_recipe` DISABLE KEYS */;
INSERT INTO `hidden_recipe` VALUES (2,10,10),(3,11,10),(4,12,10),(5,10,11),(6,11,11),(7,12,11);
/*!40000 ALTER TABLE `hidden_recipe` ENABLE KEYS */;
UNLOCK TABLES;

--
-- Table structure for table `ingredient`
--

DROP TABLE IF EXISTS `ingredient`;
/*!40101 SET @saved_cs_client     = @@character_set_client */;
/*!50503 SET character_set_client = utf8mb4 */;
CREATE TABLE `ingredient` (
  `id` bigint NOT NULL AUTO_INCREMENT,
  `name` varchar(255) NOT NULL,
  PRIMARY KEY (`id`),
  UNIQUE KEY `UKbcuaj97y3iu3t2vj26jg6hijj` (`name`)
) ENGINE=InnoDB AUTO_INCREMENT=739 DEFAULT CHARSET=utf8mb4 COLLATE=utf8mb4_0900_ai_ci;
/*!40101 SET character_set_client = @saved_cs_client */;

--
-- Dumping data for table `ingredient`
--

LOCK TABLES `ingredient` WRITE;
/*!40000 ALTER TABLE `ingredient` DISABLE KEYS */;
INSERT INTO `ingredient` VALUES (259,'[국물용 소금물] 소금'),(464,'[멸치장국] 국멸치'),(643,'[배합초] 소금'),(465,'[불고기양념] 간장'),(644,'[비빔양념] 간장'),(240,'[쇠고기양념] 간장'),(346,'[쇠고기양념] 다진파'),(575,'[쇠고기육수] 쇠뼈'),(647,'[양념장] 고춧가루'),(616,'[양념장] 다진파'),(632,'[육수] 시판용장국'),(561,'[절임간장] 진간장'),(230,'[절임용 소금물] 물'),(227,'[절임용 소금물] 소금'),(256,'[절임용소금물] 소금'),(593,'[초고추장] 고추장'),(738,'2'),(18,'coconut'),(1,'egg'),(5,'gg'),(7,'ham'),(3,'ice'),(4,'kimchi'),(16,'milk'),(2,'oil'),(6,'rice'),(14,'water'),(286,'가는파'),(614,'가다랑이포'),(217,'가래떡'),(142,'가리비'),(506,'가쓰오브시'),(519,'가쓰오브시국물'),(144,'가재새우'),(292,'가지'),(629,'가쯔오브시'),(571,'간마늘'),(572,'간생강'),(539,'간수'),(75,'간장'),(193,'갈비'),(179,'갈치'),(675,'감동젓'),(79,'감자'),(367,'감자전분'),(137,'갑오징어'),(208,'갓'),(330,'강력분'),(731,'건블루베리'),(376,'건새우가루'),(333,'건포도'),(334,'검은깨'),(143,'검은껍질홍합'),(400,'게'),(224,'게맛살'),(511,'게살'),(106,'겨자'),(434,'겨자가루'),(375,'겨자잎'),(720,'견과류'),(15,'계란'),(156,'계란노른자'),(566,'계란후라이'),(110,'계란흰자'),(68,'계핏가루'),(402,'고구마'),(698,'고구마잎'),(359,'고구마줄기'),(610,'고기산적'),(444,'고들빼기'),(289,'고등어'),(45,'고사리'),(609,'고사리나물'),(574,'고수잎'),(568,'고운고춧가루'),(591,'고운소금'),(181,'고추'),(229,'고추가루'),(537,'고추기름'),(274,'고추냉이'),(41,'고추장'),(66,'고춧가루'),(555,'고춧기름'),(244,'곤약'),(543,'골뱅이'),(294,'골뱅이통조림'),(326,'곱창'),(364,'곶감'),(637,'과일통조림'),(413,'광어'),(639,'구운김'),(37,'국간장'),(496,'국멸치'),(682,'국물용 다시마'),(524,'국물용멸치'),(101,'국수'),(207,'굴'),(369,'굴소스'),(567,'굵은고춧가루'),(579,'굵은소금'),(287,'굵은파'),(651,'그라나 빠다노'),(158,'그린올리브'),(587,'근대'),(389,'근대잎'),(490,'기름'),(8,'김'),(735,'김밥용김'),(12,'김치'),(388,'김치잎'),(213,'김칫국물'),(463,'김칫잎'),(254,'까나리액젓'),(69,'깐밤'),(340,'깨'),(65,'깨소금'),(552,'깨소스'),(108,'깻잎'),(488,'껍질콩'),(161,'꼬치'),(138,'꼴뚜기'),(275,'꽁치'),(458,'꽁치통조림'),(232,'꽃게'),(626,'꽃빵'),(408,'꽃상추'),(581,'꽃소금'),(264,'꽈리고추'),(162,'꿀'),(245,'낙지'),(672,'낙지다리'),(514,'날치알'),(167,'날콩가루'),(517,'냉동만두'),(95,'냉면'),(262,'냉이'),(278,'넛맥'),(621,'네모난햄'),(697,'노각'),(692,'노란 파프리카'),(341,'녹두'),(109,'녹말'),(267,'녹말가루'),(538,'녹말물'),(594,'녹차국수'),(406,'녹차분말'),(349,'누룽지'),(160,'느타리버섯'),(90,'다시마'),(669,'다시마 우린 물'),(503,'다시마국물'),(282,'다시물'),(659,'다진 마늘'),(473,'다진고추'),(459,'다진대파'),(640,'다진돼지고기'),(39,'다진마늘'),(674,'다진생각'),(105,'다진생강'),(123,'다진쇠고기'),(713,'다진식파'),(176,'다진양파'),(695,'다진쪽파'),(404,'다진청고추'),(38,'다진파'),(348,'다진파슬리'),(372,'다진풋고추'),(405,'다진홍고추'),(736,'다짐육'),(729,'다짐육(돼지고기)'),(730,'다짐육(소고기)'),(222,'단무지'),(499,'단호박'),(728,'달걀'),(732,'달걀노른자'),(377,'달래'),(180,'닭'),(652,'닭 육수'),(622,'닭가슴살'),(9,'닭고기'),(435,'닭다리'),(599,'닭발'),(482,'닭봉'),(492,'닭살'),(478,'닭안심'),(483,'닭육수'),(56,'당근'),(725,'당근잎'),(443,'당근즙'),(726,'당근채'),(53,'당면'),(489,'대구'),(190,'대구살'),(70,'대추'),(104,'대파'),(401,'대하'),(263,'더덕'),(252,'도가니'),(44,'도라지'),(608,'도라지나물'),(150,'도미'),(288,'도토리묵'),(533,'돈까스소스'),(96,'동치미국물'),(100,'동치미무'),(216,'동태'),(532,'동태살'),(689,'돛나물'),(199,'돼기고기'),(649,'돼지 볼살'),(271,'돼지갈비'),(13,'돼지고기'),(627,'돼지고기안심'),(617,'돼지등갈비'),(204,'된장'),(446,'두릅'),(477,'두반장'),(17,'두부'),(703,'둥근호박'),(331,'드라이이스트'),(360,'들기름'),(308,'들깨'),(182,'들깨가루'),(436,'들깻가루'),(494,'들깻잎'),(315,'딸기'),(665,'땅콩'),(437,'땅콩가루'),(455,'땅콩버터'),(475,'떡'),(370,'떡국떡'),(279,'라면'),(501,'라이스페이퍼'),(708,'라임'),(441,'랩'),(200,'레드와인'),(392,'레몬'),(322,'레몬드레싱'),(323,'레몬주스'),(129,'레몬즙'),(655,'로즈마리'),(146,'루콜라'),(64,'마늘'),(266,'마늘종'),(291,'마른고추'),(293,'마른새우'),(265,'마른오징어'),(707,'마요네스'),(310,'마요네즈'),(117,'만두피'),(391,'말린 표고버섯'),(387,'말린새우'),(257,'말린표고버섯'),(394,'맛국물'),(301,'맛살'),(526,'맛살조개'),(439,'맛소금'),(283,'맛술'),(549,'맛조개'),(690,'매실액'),(440,'매실장아찌'),(719,'머드터드'),(557,'머스타드'),(309,'머스터드'),(645,'메기'),(525,'메밀국수'),(583,'메주'),(268,'메주콩'),(47,'멥쌀'),(612,'멥쌀가루'),(89,'멸치'),(423,'멸치다시물'),(445,'멸치액젓'),(225,'멸치젓'),(115,'멸칫국물'),(238,'명란'),(381,'명란젓'),(704,'모닝빵'),(134,'모듬채소'),(119,'모시조개'),(407,'모짜렐라치즈'),(191,'목이버섯'),(121,'무'),(570,'무,래디쉬'),(564,'무말랭이'),(188,'무명실'),(336,'무순'),(424,'무즙'),(678,'무지개고추'),(723,'무채'),(273,'문어'),(76,'물'),(656,'물(쇠고기육수)'),(72,'물엿'),(35,'미나리'),(694,'미니새송이버섯'),(638,'미니파프리카'),(329,'미더덕'),(290,'미림'),(641,'미소'),(613,'미소된장'),(122,'미역'),(521,'미원'),(91,'밀가루'),(253,'밀국수'),(429,'바게트'),(534,'바나나'),(618,'바베큐소스'),(215,'바지락'),(151,'바질'),(513,'박고지'),(635,'발효초'),(187,'밤'),(11,'밥'),(132,'방울토마토'),(97,'배'),(231,'배주머니'),(163,'배즙'),(205,'배추'),(212,'배추김치'),(727,'배추잎'),(219,'배춧잎'),(715,'백오이'),(688,'버섯'),(198,'버터'),(299,'베이컨'),(493,'보리'),(666,'볶은 흑임자(검은깨)'),(382,'봄동'),(57,'부추'),(724,'부침가루'),(721,'부침유'),(120,'북어'),(125,'불린미역'),(397,'불린쌀'),(335,'붉은 고추'),(693,'붉은 파프리카'),(589,'붉은갓'),(352,'브로콜리'),(152,'블랙올리브'),(425,'비엔나소시지'),(619,'비트'),(202,'빵가루'),(251,'사골'),(313,'사과'),(668,'사과즙'),(654,'사라다나'),(410,'사우어크라우트'),(545,'사워크림'),(431,'사이다'),(590,'삭힌고추'),(529,'산초가루'),(136,'삶은 문어살'),(717,'삶은계란'),(356,'삶은팥'),(107,'상추'),(169,'상추잎'),(479,'새송이버섯'),(633,'새싹채소'),(112,'새우'),(399,'새우살'),(206,'새우젓'),(487,'새우젓국'),(605,'샐러드오일'),(642,'샐러드채소'),(145,'샐러리'),(168,'생강'),(164,'생강즙'),(427,'생굴'),(556,'생대구'),(559,'생밤'),(395,'생새우'),(398,'생선살'),(596,'생수'),(298,'생크림'),(126,'생태'),(597,'서리태콩'),(255,'석이버섯'),(246,'선지'),(42,'설탕'),(733,'셀러리'),(250,'소 잡뼈'),(687,'소고기'),(36,'소금'),(686,'소금, 후추'),(673,'소급'),(606,'소꼬리'),(295,'소면'),(148,'소스'),(338,'솔잎'),(648,'송어'),(386,'송이버섯'),(62,'쇠고기'),(361,'쇠고기 육수'),(663,'쇠고기(안심 또는 등심)'),(343,'쇠고기(힘줄없는부위)'),(522,'쇠고기스톡'),(99,'쇠고기육수'),(576,'쇠꼬리'),(300,'수삼'),(49,'수수'),(43,'숙주'),(480,'숙주나물'),(467,'순대'),(214,'순두부'),(588,'순창콩된장'),(233,'술'),(582,'숯'),(358,'슈가파우더'),(676,'슈레드 치즈(모짜렐라치즈)'),(154,'스위트마조람'),(536,'스위트콘'),(297,'스파게티'),(684,'스파게티면'),(307,'슬라이스치즈'),(705,'슬라이스햄'),(320,'시금치'),(607,'시금치나물'),(442,'시금치즙'),(670,'시래기'),(585,'시럽'),(73,'식물성기름'),(304,'식빵'),(124,'식용유'),(344,'식용유/소금/참기름/잣가루'),(98,'식초'),(430,'신김치'),(173,'실고추'),(93,'실파'),(236,'싸리버섯'),(32,'쌀'),(354,'쌀가루'),(472,'쌀국수'),(127,'쌀뜨물'),(563,'쌈다시마'),(83,'쌈장'),(337,'쑥'),(239,'쑥갓'),(235,'아구'),(328,'아귀'),(657,'아기된장소스'),(714,'아몬드'),(357,'아몬드가루'),(512,'아보카도'),(451,'아스파라거스'),(474,'아욱'),(33,'안심'),(92,'애호박'),(615,'액젓'),(426,'액체육젓'),(318,'앤다이브'),(248,'양'),(507,'양겨자'),(560,'양념'),(184,'양념간장'),(94,'양념장'),(277,'양배추'),(186,'양배추잎'),(305,'양상추'),(380,'양송이'),(130,'양송이버섯'),(46,'양지머리'),(80,'양파'),(194,'양파즙'),(706,'어린잎채소'),(243,'어묵'),(578,'얼갈이배추'),(711,'얼음'),(403,'얼음물'),(712,'에멘탈 치즈가루'),(170,'연겨자'),(260,'연근'),(128,'연어'),(722,'연어살'),(416,'연어알'),(102,'열무'),(470,'열무김치'),(584,'엿기름'),(562,'영양부추'),(411,'오곡곡물'),(157,'오레가노'),(623,'오렌지'),(332,'오렌지마멀레이드'),(316,'오렌지마요네즈'),(510,'오보로'),(87,'오이'),(453,'오이피클'),(111,'오징어'),(484,'오징어채'),(383,'옥수수'),(449,'옥수수통조림'),(518,'올리브'),(131,'올리브오일'),(679,'올리브유'),(284,'와사비'),(551,'와사비소스'),(81,'완두콩'),(448,'완두콩통조림'),(393,'왜된장'),(311,'요리술'),(241,'우거지'),(327,'우동면'),(595,'우무'),(540,'우묵'),(450,'우스터소스'),(174,'우엉'),(82,'우유'),(658,'월계수 잎'),(196,'월계수잎'),(221,'유부'),(118,'육수'),(683,'육수용 대파'),(681,'육수용 무'),(680,'육수용 물'),(379,'육수용멸치'),(565,'육회'),(303,'은박컵'),(203,'은행'),(471,'이스트'),(653,'이태리고추'),(650,'이태리파슬리'),(664,'인삼'),(428,'인절미'),(505,'일본된장'),(646,'잉어'),(314,'자몽'),(178,'잔멸치'),(541,'잔새우'),(71,'잣'),(296,'잣가루'),(270,'장식용어묵'),(528,'장어'),(530,'장어대리'),(531,'장어뼈'),(247,'장조림'),(149,'재첩'),(592,'저민마늘'),(171,'적양배추잎'),(542,'적채'),(350,'적파프리카'),(417,'전복'),(88,'전분'),(601,'전어'),(603,'전어젓갈'),(671,'절인 배추'),(620,'절임무'),(209,'젓국'),(366,'정종'),(385,'정향'),(516,'조'),(368,'조개살'),(261,'조갯살'),(237,'조기'),(495,'조림간장'),(462,'조미료'),(432,'조미술'),(438,'조청'),(114,'죽순'),(491,'중국부추'),(734,'중새우'),(139,'중새우살'),(60,'진간장'),(580,'쪽파'),(468,'쫄면'),(140,'쭈꾸미'),(677,'찐옥수수 알갱이'),(135,'차이브'),(50,'차조'),(355,'찬물'),(353,'찬밥'),(40,'참기름'),(598,'참깨'),(447,'참나물'),(177,'참빛고운포도씨유'),(141,'참소라살'),(667,'참쌀'),(272,'참치'),(716,'참치캔'),(625,'참치통조림'),(48,'찹쌀'),(103,'찹쌀가루'),(558,'채소'),(553,'채썬마늘'),(554,'채썬생강'),(460,'채썬쇠고기'),(374,'청경채'),(58,'청고추'),(211,'청국장'),(77,'청동호박'),(378,'청양고추'),(415,'청어알'),(486,'청장'),(628,'청정원국선생'),(546,'청정원굴소스'),(234,'청정원맛선생'),(630,'청정원순창쌈장'),(631,'청정원어장'),(116,'청주'),(34,'청포묵'),(85,'청피망'),(454,'체리'),(544,'체리알'),(183,'초고추장'),(418,'초밥'),(515,'초생강'),(636,'초콜릿'),(228,'총각무'),(461,'춘권피'),(371,'취나물'),(548,'치자'),(419,'치즈'),(504,'치즈가루'),(281,'치커리'),(660,'칠리'),(10,'카레'),(422,'카레가루'),(269,'칵테일새우'),(485,'칼국수'),(185,'칼국수면'),(312,'컬리플라워'),(153,'케이퍼'),(373,'케일'),(456,'케첩'),(412,'코다리'),(396,'콘프레이크'),(421,'콘플레이크'),(51,'콩'),(602,'콩가루'),(19,'콩나물'),(737,'콩비지'),(466,'크림수프'),(569,'크림치즈'),(502,'키위'),(535,'타바스코'),(604,'타임'),(710,'탄산수'),(345,'토란'),(611,'토란탕'),(175,'토마토'),(700,'토마토소스'),(201,'토마토케찹'),(166,'토마토케첩'),(497,'토마토페스트'),(523,'토마토페이스트'),(362,'통계피'),(195,'통깨'),(276,'통도라지'),(197,'통마늘'),(220,'통북어'),(258,'통생강'),(600,'통파'),(61,'통후추'),(347,'튀김가루'),(547,'튀김기름'),(147,'트레비소'),(319,'트레비스'),(63,'파'),(498,'파래'),(685,'파마르산치즈'),(500,'파마산치즈'),(701,'파마산치즈가루'),(321,'파마산치즈치즈'),(691,'파뿌리'),(481,'파스타'),(210,'파슬리'),(189,'파슬리가루'),(192,'파인애플'),(172,'파프리카'),(577,'팔각'),(52,'팥'),(390,'팥삶은물'),(242,'팽이버섯'),(133,'페스토소스'),(508,'페투치네'),(409,'포도'),(342,'포도씨유'),(550,'폰즈소스'),(54,'표고버섯'),(384,'풋고추'),(452,'풋마늘'),(226,'풋배추'),(339,'풋콩'),(325,'프랑크소시지'),(634,'플레인요구르트'),(165,'피망'),(433,'피쉬소스'),(573,'피시소스'),(699,'피자치즈'),(414,'피조개'),(306,'피클'),(457,'핫소스'),(476,'해삼'),(527,'해초'),(223,'해파리'),(280,'햄'),(159,'햇살담은간장'),(696,'허니머스타드'),(624,'허니머스터드'),(709,'허브(민트)'),(718,'허브솔트'),(365,'호두'),(55,'호박'),(586,'호박씨'),(702,'호박잎'),(324,'홀토마토'),(59,'홍고추'),(420,'홍차티백'),(86,'홍피망'),(662,'홍피망, 청피망 각각'),(113,'홍합'),(155,'화이트와인'),(363,'황설탕'),(351,'황파프리카'),(302,'후루츠칵테일'),(249,'후추'),(661,'후추, 식용유'),(84,'후춧가루'),(317,'훈제연어'),(67,'흑설탕'),(78,'흑임자'),(469,'흰떡'),(520,'흰살생선'),(74,'흰설탕'),(218,'흰콩'),(509,'흰후추'),(285,'흰후춧가루');
/*!40000 ALTER TABLE `ingredient` ENABLE KEYS */;
UNLOCK TABLES;

--
-- Table structure for table `ingredient_log`
--

DROP TABLE IF EXISTS `ingredient_log`;
/*!40101 SET @saved_cs_client     = @@character_set_client */;
/*!50503 SET character_set_client = utf8mb4 */;
CREATE TABLE `ingredient_log` (
  `id` bigint NOT NULL AUTO_INCREMENT,
  `created_at` datetime(6) DEFAULT NULL,
  `user_id` bigint NOT NULL,
  `item_id` bigint NOT NULL,
  PRIMARY KEY (`id`),
  KEY `FKn4esatp6montcbakfj9mkh604` (`user_id`),
  KEY `FK7b7xw2kp9q7ik89pfx1eqrvqr` (`item_id`),
  CONSTRAINT `FK7b7xw2kp9q7ik89pfx1eqrvqr` FOREIGN KEY (`item_id`) REFERENCES `items` (`item_id`),
  CONSTRAINT `FKn4esatp6montcbakfj9mkh604` FOREIGN KEY (`user_id`) REFERENCES `users` (`id`)
) ENGINE=InnoDB AUTO_INCREMENT=31 DEFAULT CHARSET=utf8mb4 COLLATE=utf8mb4_0900_ai_ci;
/*!40101 SET character_set_client = @saved_cs_client */;

--
-- Dumping data for table `ingredient_log`
--

LOCK TABLES `ingredient_log` WRITE;
/*!40000 ALTER TABLE `ingredient_log` DISABLE KEYS */;
INSERT INTO `ingredient_log` VALUES (1,'2025-09-23 03:57:13.326591',10,35),(2,'2025-09-23 03:57:34.157425',10,36),(3,'2025-09-23 03:57:34.858615',10,37),(5,'2025-09-23 03:57:39.468977',10,39),(6,'2025-09-23 03:57:40.190098',10,40),(7,'2025-09-23 04:06:23.039909',10,41),(8,'2025-09-23 04:06:24.059595',10,42),(9,'2025-09-23 04:06:24.782625',10,43),(10,'2025-09-23 04:06:25.772493',10,44),(11,'2025-09-23 04:06:26.610705',10,45),(12,'2025-09-23 04:06:28.501144',10,46),(13,'2025-09-23 04:06:29.242366',10,47),(14,'2025-09-23 04:31:04.458106',10,48),(15,'2025-09-23 04:31:34.232434',14,49),(16,'2025-09-23 05:56:18.052637',14,50),(17,'2025-09-30 16:26:07.051070',10,51),(21,'2025-10-05 02:30:06.526573',11,55),(22,'2025-10-10 00:39:48.335795',10,56),(23,'2025-10-10 17:06:24.943954',16,57),(24,'2025-10-10 17:28:55.969362',17,58),(25,'2025-10-10 17:55:21.604072',17,59),(26,'2025-10-10 18:23:59.013362',10,60),(27,'2025-10-11 01:47:30.474425',11,61),(28,'2025-10-11 02:11:00.589384',11,62),(29,'2025-10-27 19:20:31.632795',10,63),(30,'2025-10-28 03:50:16.936495',10,64);
/*!40000 ALTER TABLE `ingredient_log` ENABLE KEYS */;
UNLOCK TABLES;

--
-- Table structure for table `ingredient_statics`
--

DROP TABLE IF EXISTS `ingredient_statics`;
/*!40101 SET @saved_cs_client     = @@character_set_client */;
/*!50503 SET character_set_client = utf8mb4 */;
CREATE TABLE `ingredient_statics` (
  `item_id` bigint NOT NULL,
  `total_count` bigint NOT NULL,
  PRIMARY KEY (`item_id`),
  CONSTRAINT `FKc59exqits4oe82669lf4ly5th` FOREIGN KEY (`item_id`) REFERENCES `items` (`item_id`)
) ENGINE=InnoDB DEFAULT CHARSET=utf8mb4 COLLATE=utf8mb4_0900_ai_ci;
/*!40101 SET character_set_client = @saved_cs_client */;

--
-- Dumping data for table `ingredient_statics`
--

LOCK TABLES `ingredient_statics` WRITE;
/*!40000 ALTER TABLE `ingredient_statics` DISABLE KEYS */;
INSERT INTO `ingredient_statics` VALUES (35,1),(36,1),(37,1),(39,1),(40,1),(41,1),(42,1),(43,1),(44,1),(45,1),(46,1),(47,1),(48,1),(49,1),(50,1),(51,1),(55,1),(56,1),(57,1),(58,1),(59,1),(60,1),(61,1),(62,1),(63,1),(64,1);
/*!40000 ALTER TABLE `ingredient_statics` ENABLE KEYS */;
UNLOCK TABLES;

--
-- Table structure for table `items`
--

DROP TABLE IF EXISTS `items`;
/*!40101 SET @saved_cs_client     = @@character_set_client */;
/*!50503 SET character_set_client = utf8mb4 */;
CREATE TABLE `items` (
  `item_id` bigint NOT NULL AUTO_INCREMENT,
  `category` enum('채소','과일','육류','어패류','유제품','가공식품','기타','음료') NOT NULL,
  `expiry_date` date DEFAULT NULL,
  `name` varchar(255) NOT NULL,
  `quantity` int NOT NULL,
  `registration_date` date DEFAULT NULL,
  `refrigerator_id` bigint DEFAULT NULL,
  PRIMARY KEY (`item_id`),
  KEY `FKhx4edomcpkolv7ka210e2yh0v` (`refrigerator_id`),
  CONSTRAINT `FKhx4edomcpkolv7ka210e2yh0v` FOREIGN KEY (`refrigerator_id`) REFERENCES `refrigerators` (`refrigerator_id`)
) ENGINE=InnoDB AUTO_INCREMENT=65 DEFAULT CHARSET=utf8mb4 COLLATE=utf8mb4_0900_ai_ci;
/*!40101 SET character_set_client = @saved_cs_client */;

--
-- Dumping data for table `items`
--

LOCK TABLES `items` WRITE;
/*!40000 ALTER TABLE `items` DISABLE KEYS */;
INSERT INTO `items` VALUES (1,'기타','2025-08-28','egg',1,'2025-08-21',1),(3,'기타','2025-09-06','oil',3,'2025-08-30',22),(11,'유제품','2025-09-11','egg',2,'2025-09-02',17),(17,'유제품','2025-09-28','egg',3,'2025-09-21',28),(18,'과일','2025-09-28','egg',10,'2025-09-21',18),(19,'채소','2025-09-28','ice',2,'2025-09-21',18),(20,'채소','2025-09-28','kimchi',2,'2025-09-21',18),(22,'채소','2025-09-30','gg',1,'2025-09-23',16),(23,'기타','2025-09-30','rice',2,'2025-09-23',16),(24,'가공식품','2025-09-30','ham',3,'2025-09-23',16),(26,'기타','2025-10-25','김',2,'2025-09-23',16),(27,'기타','2025-10-25','닭고기',2,'2025-09-23',16),(28,'기타','2025-10-25','닭고기',2,'2025-09-23',16),(29,'가공식품','2025-09-28','카레',2,'2025-09-23',16),(35,'기타','2025-09-28','밥',2,'2025-09-23',16),(36,'기타','2025-09-28','밥',2,'2025-09-23',16),(37,'기타','2025-09-28','밥',2,'2025-09-23',16),(39,'기타','2025-09-28','김치',2,'2025-09-23',16),(40,'기타','2025-09-28','김치',2,'2025-09-23',16),(41,'기타','2025-09-28','돼지고기',3,'2025-09-23',16),(42,'기타','2025-09-30','돼지고기',3,'2025-09-23',16),(43,'기타','2025-09-28','돼지고기',3,'2025-09-23',16),(44,'기타','2025-09-28','돼지고기',3,'2025-09-23',16),(45,'기타','2025-09-28','돼지고기',3,'2025-09-23',16),(46,'기타','2025-09-28','돼지고기',3,'2025-09-23',16),(47,'기타','2025-09-28','돼지고기',3,'2025-09-23',16),(48,'채소','2025-09-30','김치',4,'2025-09-23',16),(49,'채소','2025-09-30','김치',4,'2025-09-23',29),(50,'음료','2025-09-30','water',2,'2025-09-23',28),(51,'채소','2025-10-08','ice',3,'2025-09-30',16),(55,'채소','2025-10-12','계란',2,'2025-10-05',19),(56,'채소','2025-10-17','milk',2,'2025-10-10',16),(57,'채소','2025-10-17','밥',1,'2025-10-10',34),(58,'채소','2025-10-17','밥',2,'2025-10-10',38),(59,'채소','2025-10-17','계란',1,'2025-10-10',37),(60,'채소','2025-10-17','계란',2,'2025-10-10',16),(61,'채소','2025-10-18','두부',2,'2025-10-11',19),(62,'채소','2025-10-18','김치',2,'2025-10-11',19),(63,'과일','2025-11-03','coconut',1,'2025-10-27',17),(64,'가공식품','2025-11-04','콩나물',1,'2025-10-28',16);
/*!40000 ALTER TABLE `items` ENABLE KEYS */;
UNLOCK TABLES;

--
-- Table structure for table `likes`
--

DROP TABLE IF EXISTS `likes`;
/*!40101 SET @saved_cs_client     = @@character_set_client */;
/*!50503 SET character_set_client = utf8mb4 */;
CREATE TABLE `likes` (
  `like_id` bigint NOT NULL AUTO_INCREMENT,
  `recipe_id` bigint DEFAULT NULL,
  `user_id` bigint DEFAULT NULL,
  `created_at` datetime(6) DEFAULT NULL,
  PRIMARY KEY (`like_id`),
  UNIQUE KEY `UK1n8hu727ntfhogn3ew7hkc0nt` (`user_id`,`recipe_id`),
  KEY `FKkqm6yfj7ja4drk4imi5xrw5d6` (`recipe_id`),
  CONSTRAINT `FKkqm6yfj7ja4drk4imi5xrw5d6` FOREIGN KEY (`recipe_id`) REFERENCES `recipe` (`id`),
  CONSTRAINT `FKnvx9seeqqyy71bij291pwiwrg` FOREIGN KEY (`user_id`) REFERENCES `users` (`id`)
) ENGINE=InnoDB AUTO_INCREMENT=55 DEFAULT CHARSET=utf8mb4 COLLATE=utf8mb4_0900_ai_ci;
/*!40101 SET character_set_client = @saved_cs_client */;

--
-- Dumping data for table `likes`
--

LOCK TABLES `likes` WRITE;
/*!40000 ALTER TABLE `likes` DISABLE KEYS */;
INSERT INTO `likes` VALUES (4,10,10,'2025-09-23 05:46:58.978020'),(6,2,14,'2025-09-23 05:49:19.839412'),(7,11,10,'2025-09-23 06:03:07.903545'),(50,2,10,'2025-10-09 15:02:15.490949'),(51,2,16,'2025-10-10 17:07:38.860183'),(52,24,11,'2025-10-11 02:23:15.728145'),(54,26,10,'2025-10-27 19:21:51.089903');
/*!40000 ALTER TABLE `likes` ENABLE KEYS */;
UNLOCK TABLES;

--
-- Table structure for table `popular_ingredient`
--

DROP TABLE IF EXISTS `popular_ingredient`;
/*!40101 SET @saved_cs_client     = @@character_set_client */;
/*!50503 SET character_set_client = utf8mb4 */;
CREATE TABLE `popular_ingredient` (
  `name` varchar(100) NOT NULL,
  `total_usage_count` bigint NOT NULL,
  PRIMARY KEY (`name`)
) ENGINE=InnoDB DEFAULT CHARSET=utf8mb4 COLLATE=utf8mb4_0900_ai_ci;
/*!40101 SET character_set_client = @saved_cs_client */;

--
-- Dumping data for table `popular_ingredient`
--

LOCK TABLES `popular_ingredient` WRITE;
/*!40000 ALTER TABLE `popular_ingredient` DISABLE KEYS */;
INSERT INTO `popular_ingredient` VALUES ('egg',4),('gg',1),('ice',1),('kimchi',1),('tt',1),('밥',1);
/*!40000 ALTER TABLE `popular_ingredient` ENABLE KEYS */;
UNLOCK TABLES;

--
-- Table structure for table `recipe`
--

DROP TABLE IF EXISTS `recipe`;
/*!40101 SET @saved_cs_client     = @@character_set_client */;
/*!50503 SET character_set_client = utf8mb4 */;
CREATE TABLE `recipe` (
  `id` bigint NOT NULL AUTO_INCREMENT,
  `image_url` varchar(255) DEFAULT NULL,
  `ingredients` varchar(255) DEFAULT NULL,
  `instructions` text,
  `time` int DEFAULT NULL,
  `title` varchar(255) NOT NULL,
  `author_id` bigint DEFAULT NULL,
  `description` varchar(255) DEFAULT NULL,
  `is_custom` bit(1) NOT NULL,
  `api_recipe_id` varchar(255) DEFAULT NULL,
  PRIMARY KEY (`id`),
  UNIQUE KEY `UKauih4vk5nba7u68891wvtyukp` (`api_recipe_id`),
  KEY `FKlvmxb2tmwa9979nk3yexb805p` (`author_id`),
  CONSTRAINT `FKlvmxb2tmwa9979nk3yexb805p` FOREIGN KEY (`author_id`) REFERENCES `users` (`id`)
) ENGINE=InnoDB AUTO_INCREMENT=2914 DEFAULT CHARSET=utf8mb4 COLLATE=utf8mb4_0900_ai_ci;
/*!40101 SET character_set_client = @saved_cs_client */;

--
-- Dumping data for table `recipe`
--

LOCK TABLES `recipe` WRITE;
/*!40000 ALTER TABLE `recipe` DISABLE KEYS */;
INSERT INTO `recipe` VALUES (2,'http://example.com/eggroll.jpg','계란, 파, 소금','1. 계란을 푼다. 2. 파를 썰어 넣는다. 3. 부친다.',10,'계란말이',NULL,NULL,_binary '\0',NULL),(4,'/data/user/0/com.example.food_recipe_app/cache/30f2230a-07a2-4c6b-b725-c9fa5173ae54/스크린샷 2025-09-16 오후 8.20.31.png','kk 3','ffff',90,'chiken',NULL,'',_binary '',NULL),(10,'http://example.com/ai_recipe_01.jpg','밥, 김치','김치볶음밥 레시피입니다.',90,'김치볶음밥',NULL,'',_binary '\0',NULL),(11,'http://example.com/ai_recipe_01.jpg','밥, 야채','야채볶음밥 레시피입니다.',60,'야채볶음밥',NULL,'',_binary '\0',NULL),(12,'http://example.com/ai_recipe_01.jpg','밥, 야채','야채볶음밥 레시피입니다.',60,'야채볶음밥',NULL,'',_binary '\0',NULL),(13,'/data/user/0/com.example.food_recipe_app/cache/c2af75d2-5c33-4752-9866-2c7beb1d43e9/스크린샷 2025-09-16 오후 8.20.31.png','1 1','qwqw\nqwq',1,'1',10,'1',_binary '',NULL),(14,'/data/user/0/com.example.food_recipe_app/cache/1a9e16ae-72b8-4f24-9cd9-54e2290dc1f7/스크린샷 2025-09-16 오후 8.20.31.png','jj 2','jjjj\njj',99,'jjjj',11,'j',_binary '',NULL),(15,'/data/user/0/com.example.food_recipe_app/cache/b3f61475-cb2b-4ced-969e-d2cd2908f081/스크린샷 2025-09-16 오후 8.20.31.png','jj 1','jj',1,'kimchi',11,'j',_binary '',NULL),(16,'/data/user/0/com.example.food_recipe_app/cache/b0dea6b3-585e-4730-a9ed-f8f67f6b2fea/스크린샷 2025-09-16 오후 8.20.31.png','22 2','22',2,'yoyo',11,'222',_binary '',NULL),(17,'/data/user/0/com.example.food_recipe_app/cache/8f724a33-1f71-4717-b0e1-093c877329a8/스크린샷 2025-09-16 오후 8.20.31.png','ff 3','333',3,'밥',16,'fff',_binary '',NULL),(18,'/data/user/0/com.example.food_recipe_app/cache/d23c1517-bff1-4e65-a994-fb26e778eb18/스크린샷 2025-09-16 오후 8.20.31.png','1 1','1',1,'밥',10,'1',_binary '',NULL),(19,'http://example.com/ai_recipe_02.jpg','두부, 간장, 참기름, 깨','1. 두부를 구운 후 간장 양념장을 끼얹는다.',10,'두부조림',NULL,NULL,_binary '\0',NULL),(20,'/Users/jeongmingyo/food_recipe_app/backend/src/main/resources/static/간장계란밥.jpeg','밥, 계란, 간장, 버터','1. 따뜻한 밥 위에 버터 한 조각을 올린다. 2. 계란 후라이를 만들어 밥 위에 얹는다. 3. 간장을 취향껏 뿌려 비벼 먹는다.',5,'간장 계란밥',NULL,NULL,_binary '\0',NULL),(21,'/data/user/0/com.example.food_recipe_app/cache/ca1fbea2-c564-4ce9-99b8-25710ea9a724/스크린샷 2025-09-16 오후 8.20.31.png','2 2','2',2,'j',11,'2',_binary '',NULL),(22,'/Users/jeongmingyo/food_recipe_app/backend/src/main/resources/static/eggrice.jpeg','밥, 계란, 간장, 버터','1. 따뜻한 밥 위에 버터 한 조각을 올린다. 2. 계란 후라이를 만들어 밥 위에 얹는다. 3. 간장을 취향껏 뿌려 비벼 먹는다.',5,'간장 계란밥',NULL,NULL,_binary '\0',NULL),(23,'/Users/jeongmingyo/food_recipe_app/backend/src/main/resources/static/images/김치찌개.jpeg','김치, 돼지고기, 두부, 대파, 양파','1. 돼지고기와 김치를 볶는다. 2. 물을 붓고 끓이다가 두부, 양파, 대파를 넣고 더 끓인다.',25,'김치찌개',NULL,NULL,_binary '\0',NULL),(24,'/images/kimchi.jpeg','김치, 돼지고기, 두부, 대파, 양파','1. 돼지고기와 김치를 볶는다. 2. 물을 붓고 끓이다가 두부, 양파, 대파를 넣고 더 끓인다.',25,'김치찌개',NULL,NULL,_binary '\0',NULL),(25,'/data/user/0/com.example.food_recipe_app/cache/0e7e130b-4917-4cd3-95f8-5669d70d14e7/스크린샷 2025-09-16 오후 8.20.31.png','1 1','1',1,'ch',11,'1',_binary '',NULL),(26,'/data/user/0/com.example.food_recipe_app/cache/2cf2f44d-601e-4ff3-9d4e-90966bc27dbf/스크린샷 2025-09-16 오후 8.20.31.png','1 1','1\n`',1,'rerere',10,'rr',_binary '',NULL),(27,'/data/user/0/com.example.food_recipe_app/cache/4819b55c-604c-49ce-b843-deff8276b3ee/스크린샷 2025-09-16 오후 8.20.31.png','1 1','11',1,'11',10,'11',_binary '',NULL),(2713,'/data/user/0/com.example.food_recipe_app/cache/dfa80fdb-b684-499b-88d5-4e06728fe1ac/스크린샷 2025-09-16 오후 8.20.31.png',NULL,'2',2,'jj',10,'1',_binary '',NULL),(2714,NULL,NULL,'1. 양지머리로 육수를 낸 후 식혀 기름을 걷어낸 후, 불린 쌀을 넣어 고슬고슬하게 밥을 짓는다.\n2. 안심은 불고기 양념하여 30분간 재워 국물 없이 구워 한 김 식으면 한입 크기로 자른다.\n3. 청포묵은 고기와 비슷한 크기로 잘라 끓는 물에 데쳐내고 계란은 노른자와 흰자를 분리해 지단부쳐 곱게 채썬다.\n4. 콩나물과 숙주, 미나리는 데쳐서 국간장과 참기름으로 간하고, 고사리와 도라지는 참기름을 두른 프라이팬에 살짝 볶아놓는다.\n5. 밥을 참기름으로 무쳐 그릇에 담고 준비한 재료를 고루 얹는다.',60,'나물비빔밥',NULL,'육수로 지은 밥에 야채를 듬뿍 넣은 영양만점 나물비빔밥!',_binary '\0','1'),(2715,NULL,NULL,'1. 찹쌀과 멥쌀은 깨끗이 씻어 건져 놓는다.\n2. 차수수는 붉은 물이 안 나올 때까지 깨끗이 씻어 놓는다.\n3. 콩은 불려서 일어 건져놓고, 팥은 삶아서 건져놓고 삶은 물은 받아 놓는다.\n4. 차조는 씻어서 잘 일은 후 건져놓는다.\n5. 차조를 뺀 모든 재료를 고루 섞어 밥솥에 앉혀 놓고 팥 삶은 물에 소금(1/3작은술 정도)을 넣은 밥물을 붓는데, 밥물은 보통 짓는 밥물보다 20% 적게 붓는다.\n6. 밥이 끓기 시작하면 차조를 고루 얹어 뜸을 들인다.',60,'오곡밥',NULL,'정월대보름에 먹던 오곡밥! 영양을 한그릇에 담았습니다.',_binary '\0','2'),(2716,NULL,NULL,'1. 당면은 따뜻한 물에 불려 적당한 길이로 자른다.\n2. 고기와 버섯, 채소는 모두 채썬다.\n3. 달군 팬에 기름을 두르고 고기와, 버섯, 당근, 고추, 호박을 볶다가 숨이 죽으면 부추를 넣는다.\n4. 다진 파, 마늘, 생강을 넣고 소금과 통후추, 진간장을 넣어 간을 한 다음 당면을 넣어 볶아준다.\n5. 뜨거운 밥을 그릇에 담고 잡채를 얹어 낸다.',30,'잡채밥',NULL,'잡채밥 한 그릇이면 오늘 저녁 끝! 입 맛 없을 때 먹으면 그만이지요~',_binary '\0','3'),(2717,NULL,NULL,'1. 쌀은 미리 씻어 불려놓고 콩나물은 씻어 소금물에 살짝 데쳐 놓는다.\n2. 쇠고기는 곱게 다져 파, 마늘, 진간장으로 양념하여 볶는다.\n3. 콩나물 삶은 물을 냄비에 붓고 쌀을 앉혀 밥을 짓다가 끓으면 삶은 콩나물과 쇠고기를 얹어 뜸들인다\n4. 뜸이 들면 고루 섞어 그릇에 담고 양념장과 함께 낸다.',40,'콩나물밥',NULL,'다이어트에 으뜸인 콩나물밥. 밥 물 넣을때 평소보다 적게 넣는거 잊지마세요!',_binary '\0','4'),(2718,NULL,NULL,'1. 흰 설탕에 물을 붓고 끓이다가 거품이 일면서 한 부분부터 타기 시작하면 불을 끈다.\n2. 압력솥에 물기 뺀 쌀을 담고 분량의 흑설탕, 간장, 참기름, 식물성기름, 계핏가루를 넣고 ①에서 만든 카라멜소스를 부어 물이들게 고루 섞는다.\n3. ②에 밤, 대추, 잣을 넣고 섞는다.\n4. 물 3컵을 붓고 센불로 가열하다가 끓기 시작하면 중불로 줄여 30분 지난뒤 불을 끄고 남은 열로 뜸들인다.',60,'약식',NULL,'집에서도 쉽게 만들어 맛있게 먹을 수 있답니다. 어려워 마시고 만들어 보세요~!',_binary '\0','5'),(2719,NULL,NULL,'1. 청동호박은 반을 갈라 씨를 빼고 껍질을 벗긴다.\n2. 찹쌀은 깨끗이 씻어 불렸다가 가루로 빻는다.\n3. 팥은 씻어 일어 물을 넣고 한소끔 끓으면 첫물은 버리고 다시 물을 부어 푹 끓인다.\n4. 호박은 1cm 두께로 썰어 냄비에 담고 물과 설탕을 넣어 푹 끓인다.\n5. 호박이 푹 무르면 찹쌀가루를 물에 풀어 넣고 팥도 함께 넣어 끓인다.\n6. 다 끓으면 설탕, 소금으로 간한다.',30,'호박죽',NULL,'호박죽 한 그릇이면 하루가 든든하답니다.',_binary '\0','6'),(2720,NULL,NULL,'1. 쌀은 충분히 불려서 소쿠리에 건져 놓는다.\n2. 깨는 깨끗이 일어 건져서 고소한 향이 나도록 볶는다.\n3. 분쇄기에 쌀과 깨를 따로따로 넣어 물을 조금씩 넣어가며 갈아 고운 체에 밭친다.\n4. 밑이 두터운 냄비에 곱게 간 쌀과 물을 부어 나무주걱으로 저으며 끓인다.\n5. 냄비가 뜨거워 지면 갈은 깨를 조금씩 부어 멍울지지 않도록 가끔 저어주며 끓인다.\n6. 확 끓어오르면 불을 약하게 줄이고 잘 섞이도록 서서히 끓인다.',25,'흑임자죽',NULL,'검은깨를 갈아서 만든 고소함이 가득한 흑임자죽. 남녀노소 모두 사랑하는 맛!',_binary '\0','7'),(2721,NULL,NULL,'1. 쇠고기와 채소는 도톰하게 깍뚝썰기하여 버터에 볶는다.\n2. 카레는 찬물 2컵에 물을 조금씩 넣어가며 풀어놓는다.\n3. ①의 냄비에 완두를 넣고 물을 자작하게 붓고 끓이다가 ②를 붓고 더 끓인다.\n4. 국물이 되직하게 졸면 우유를 붓고 소금과 후춧가루로 간을 맞춘다.\n5. 따뜻한 밥위에 완성된 카레를 넉넉히 얹어낸다.',30,'카레라이스',NULL,'향긋한 카레향이 너무 좋지요. 누구나 좋아하는 만들기도 간편한 음식입니다.',_binary '\0','8'),(2722,NULL,NULL,'1. 청피망, 홍피망, 양파, 오이, 당근은 잘게 다져 준비한다.\n2. 프라이팬에 버터를 두르고 당근, 양파를 볶다가 양파가 투명해지면 남은 야채 재료를 넣고 볶는다.\n3. 찬밥을 넣어 야채와 잘 섞은 후 소금, 후춧가루로 간을 약하게 맞춘다.\n4. 계란을 멍울 없이 풀어 소금, 후춧가루로 간하고, 반쯤 익으면 계란 중앙에 밥을 놓고 잘 감싸서 접시에 담는다.\n5. 다시마와 멸치로 다시국물을 만들어 체에 거른 후 프라이팬에 육수 2컵을 넣고 쌈장을 잘 풀어 끓여준다.\n6. 팔팔 끓어오르면 전분가루를 넣어 농도를 되직하게 만든 후 오므라이스 위에 뿌려준다.',30,'오므라이스',NULL,'각종 채소를 계란 속에 꼭꼭 숨겨 편식하는 아이들도 맛있게 먹어요~',_binary '\0','9'),(2723,NULL,NULL,'1. 밀가루에 소금과 따뜻한 물을 넣어 말랑하게 반죽하여 젖은 면보에 싸 냉장고에 30분간 넣어둔다.\n2. 감자와 애호박은 도톰하게 반달썰기한다.\n3. 실파는 4cm 길이로 자르고 홍고추는 어슷썬다.\n4. 멸치는 장국을 끓여 국간장으로 간을 맞춘다.\n5. 국물이 끓어오르면 감자를 넣고, 반쯤 익으면 수제비 반죽을 얇게 뜯어 넣는다.\n6. 호박을 넣어 파랗게 익으면 홍고추와 실파, 참기름을 넣고 불을 끈다.',60,'감자수제비',NULL,'쫀득쫀득한 수제비와 담백한 맛의 감자가 이뤄내는 하모니!',_binary '\0','10'),(2724,NULL,NULL,'1. 쇠고기는 삶아 건져 편육으로 썰고 국물은 식혀 기름을 걷어 육수로 준비한다.\n2. 동치미무는 길쭉하고 얇게 썰고 오이는 어슷썰어 소금에 20분 동안 절였다가 물기를 꼭 짜서 살짝 볶는다.\n3. 배는 납작하게 썰고 계란은 삶아 반 가른다.\n4. 육수와 동치미국물을 섞어 소금과 설탕, 식초로 간을 맞춰 차게 둔다.\n5. 냉면국수는 삶아 찬물에 비벼 빨듯이 헹군다.\n6. 대접에 면을 담고 편육과 무, 오이, 배, 계란을 얹은 후 육수를 부어 낸다.',50,'냉면',NULL,'더운 여름, 살얼음 동동 띄운 시원한 냉면 한그릇 생각나시죠~',_binary '\0','11'),(2725,NULL,NULL,'1. 쇠고기는 채썰어 분량의 재료로 갖은양념하여 약간 재웠다가 팬에 볶는다.\n2. 오이는 가늘게 채썰어 소금에 절였다가 물기를 꼭 짜고 살짝 볶아 식힌다.\n3. 동치미무는 반달모양으로 얄팍하게 썰어 깨소금과 참기름으로 무친다.\n4. 국수는 넉넉한 끓는 물에 삶아 찬물에 헹구어 건져 1인분씩 사리지어 놓는다.\n5. 그릇에 국수를 담고 고기채, 오이채, 동치미무, 계란지단채, 붉은 고추채를 얹어 동치미 국물을 가만히 붓는다',30,'동치미막국수',NULL,'시원한 동치미에 쫄깃한 국수를 말아서 만들어보세요.',_binary '\0','12'),(2726,NULL,NULL,'1. 열무는 다듬어 소금에 절여둔다.\n2. 냄비에 물 1컵과 찹쌀가루 2큰술을 넣고 나무주걱으로 저어가며 약불에서 찹쌀풀을 쑨다.\n3. 볼에 물 4컵과 고춧가루 4큰술을 풀고 찹쌀풀을 넣어 간을 맞춘다.\n4. ③에 절인 열무와 어슷썬 고추, 채썬 파, 마늘, 생강을 넣고 버무려 열무김치를 담아 익힌다.\n5. 알맞게 익은 열무김치에 식초, 설탕, 소금으로 간을 맞추어 차게 둔다.\n6. 냉면을 삶아 그릇에 담고 열무김치를 부은 다음 겨자 갠 것을 곁들인다.',25,'열무김치냉면',NULL,'맛있게 담근 열무김치에 냉면을 말아 먹어 보세요~ 새콤달콤 끝내줍니다!',_binary '\0','13'),(2727,NULL,NULL,'1. 오이는 두께 0.3cm x 폭 0.3cm, 길이 5cm로 채썰어 소금에 절였다가 물기를 짠다.\n2. 쇠고기는 두께와 폭이 0.3cm, 길이 5cm로 썰어 양념한다.\n3. 표고도 물에 불려 쇠고기와 같은 크기로 채썰어 양념한다.\n4. 부추는 잘 씻어 5cm 길이로 잘라둔다.\n5. 계란은 노른자와 흰자를 분리하여 지단을 붙이고 채썰어 둔다.\n6. 번철에 오이, 표고, 쇠고기순으로 볶는다.',30,'채소국수',NULL,'갖가지 야채를 듬뿍 넣어서 만든 요리로 출출할 때 간식거리로 아주 좋답니다.',_binary '\0','14'),(2728,NULL,NULL,'1. 고기는 저며서 녹말가루, 계란흰자, 청주, 소금으로 양념한다.\n2. 해물은 한 입 크기로 손질해 데친다.\n3. 채소는 얄팍하게 저며썬다.\n4. 팬에 기름을 둘러 다진 마늘을 볶다가 고기를 넣어 볶는다.\n5. 어느정도 익으면 멸치국물을 부어 끓이다가 해물과 채소를 넣고 간을 한다.\n6. 삶은 국수에 ⑤의 해물장국을 부어낸다.',40,'해물국수',NULL,'해물로 시원한 국물에 국수를 말아 드셔보세요~',_binary '\0','15'),(2729,NULL,NULL,'1. 김치는 소를 털고 송송 썰어 물기를 꼭 짜고 숙주는 삶아 물기를 뺀다.\n2. 갈은 돼지고기나 갈은 쇠고기를 준비한다.\n3. 두부는 수분을 완전히 제거한다.\n4. 양파, 마늘, 대파는 곱게 다져놓는다.\n5. 김치, 숙주, 갈은 고기, 다진 양파, 마늘, 대파에 참기름과 후춧가루, 소금으로 간을 한다.\n6. 밀가루 반죽을 하여 얇게 민다음 지름이 6cm 정도 되게 하여 그 안에 ⑤에서 만든 만둣속을 넣는다.',40,'만둣국',NULL,'만두를 예쁘게 만들면 이쁜 딸을 낳는다고 하죠? 가족들과 오손도손 맛있는 만두국 만들어 드셔보세요~',_binary '\0','16'),(2730,NULL,NULL,'1. 다시마는 두텁고 광택이 있는 것으로 물에 씻어 젖은 행주로 여러 번 닦은 뒤 찬물 5컵에 담가 30분 정도 불렸다가 건져놓는다.\n2. 오이는 소금으로 비벼 씻어 헹궈 가늘게 채썬 뒤 찬물에 잠시 담갔다가 건져놓는다.\n3. 홍고추는 반으로 갈라 씨를 털어 곱게 채썬다.\n4. 손질한 다시마를 돌돌 말아 가늘게 채썰어 달라붙지 않게 털어둔다.\n5. 넓은 그릇에 다시마, 채썬 오이, 홍고추를 담고 다진 파와 마늘, 고춧가루, 깨소금, 소금으로 양념하여 차게 해둔 ①을 붓는다.',20,'다시마냉국',NULL,'철분과 무기질이 풍부한 다시마로 피부건강을 지켜보세요~',_binary '\0','17'),(2731,NULL,NULL,'1. 쇠고기는 얄팍하게 썰어 다진 마늘과 후춧가루, 진간장으로 조물조물 양념한다.\n2. 양념한 고기를 냄비에 넣고 육수를 부어 끓이다가 고추장을 연하게 풀고 국간장이나 소금으로 간을 맞춘다.\n3. 두부를 1cm 폭으로 길쭉하게 썰어 끓고 있는 국물에 쏟아 넣고 두부가 떠오를 때까지 끓인다.\n4. 두부가 떠 오르면 채썬 파, 다진 마늘을 넣고 조금 더 끓인다.',40,'두부국',NULL,'부드러운 두부로 맛나는 두부국을 끓여 단백함을 맛보세요.',_binary '\0','18'),(2732,NULL,NULL,'1. 모시조개는 소금물로 해감시킨 후 물을 붓고 끓이다가 모시는 건져내고 국물은 걸러 놓는다.\n2. 콩나물은 다듬어 씻고 두부는 큼직하게 썰며, 붉은 고추는 어슷썰어 씨를 털고 실파는 4cm 길이로 썰어 놓는다.\n3. 북어포는 물에 씻어 물기를 짠 뒤 소금과 후춧가루로 양념한 뒤 밀가루를 묻혀 계란을 푼 물에 섞는다.\n4. 조개 삶아낸 국물에 다진 마늘을 넣고 끓이다가 손질한 콩나물을 넣는다.\n5. 한소끔 끓으면 모시조개 두부, 붉은 고추, 실파를 넣고 계란물에 섞어 놓은 북어를 넣어 조금 더 끓이다가 소금, 후춧가루로 간을 한다.',30,'두부조개탕',NULL,'국물이 정말 시원해서 속풀이 식단으로도 안성맞춤!',_binary '\0','19'),(2733,NULL,NULL,'1. 쇠고기는 2cm 길이로 도톰하게 저며썰고 무는 길이 3cm 정도씩 토막을 낸 뒤 반을 갈라 0.2cm 두께로 나박썬다.\n2. 썰어놓은 쇠고기는 다진 마늘 1작은술과 국간장 1큰술, 후춧가루 약간으로 양념해 간이 골고루 배도록 조물조물 무친다.\n3. 냄비에 물 5컵을 붓고 팔팔 끓이다가 양념해 놓은 쇠고기를 넣고 고기가 익을 때까지 한소끔 끓인다.\n4. 끓는 쇠고기 장국에 나박썬 무를 넣는다. 끓을 때 생기는 거품은 걷어낸다.\n5. 무가 말갛게 익으면 국간장과 소금을 1:1의 비율로 넣어 간을 하고 다진 마늘과 실파를 넣어 조금 더 끓인다.',30,'무맑은국',NULL,'고향의 맛을 느낄 수 있는 무국. 밥한그릇 뚝딱이죠!',_binary '\0','20'),(2734,NULL,NULL,'1. 찬물에 씻어 담가 충분히 불려 물기를 뺀 뒤 손으로 적당하게 잘라 놓는다.\n2. 쇠고기는 연한 살코기만을 골라 곱게 다져 다진 마늘, 국간장, 참기름을 넣고 간이 배도록 고루 섞는다.\n3. 냄비에 식용유를 두르고 양념한 쇠고기를 넣어 볶다가 고기가 익으면 손질한 미역을 넣고 같이 볶는다.\n4. 미역이 푸른색을 띠게 볶아지면 분량의 물을 붓고 한소끔 끓인 뒤 다진 마늘을 넣고 국간장, 후춧가루로 간을 한다.',30,'미역국',NULL,'미역국은 철분이 풍부하게 함유된 음식이라 여자들에게 특히 좋은 음식이라 하지요.',_binary '\0','21'),(2735,NULL,NULL,'1. 미역은 줄기를 떼어 티를 골라낸 다음 찬물에 담가30분 정도 불린다.\n2. 불린 미역을 깨끗이 씻어 손으로 잘게 찢은 다음 끓는 물에 재빨리 데쳐 물기를 빼놓는다.\n3. 오이는 소금에 비벼 씻어 가늘게 채썰어 찬물에 잠깐 담가 건진다.\n4. 대파 흰부분만 다듬어 씻은 다음 반으로 갈라 가늘게 채썬다.\n5. 큰 그릇에 데친 미역을 담고 분량의 양념 재료를 넣어 무쳐준다.\n6. 양념한 미역에 맛이 배어들면 차갑게 준비한 미역 우린물을 붓고 채썬 오이와 대파를 넣고 차게 먹는다.',30,'미역냉국',NULL,'더운 여름, 새콤달콤 시원한 미역냉국으로 입맛을 살려보세요~',_binary '\0','22'),(2736,NULL,NULL,'1. 생태는 씻어 내장을 빼고 비늘을 긁은 뒤 다시 씻어 5cm 길이로 토막내어 소금을 살짝 뿌려둔다.\n2. 콩나물은 뿌리를 떼고 무는 0.5cm 두께로 얄팍하게 나박썬다. 붉은 고추는 어슷썰어 씨를 털고 미나리는 줄기만 4cm 길이로 썬다.\n3. 마지막에 씻은 쌀뜨물을 받아 냄비에 붓고 센불에서 끓이다가 손질한 생태를 넣는다.\n4. 국물이 끓어 생태가 익으면 무와 콩나물을 넣고 뚜껑을 덮은채 한소끔 끓인다.\n5. 거의 끓었을 때 붉은 고추와 다진 마늘, 미나리를 넣고 소금과 후춧가루로 간 한 뒤 더 끓이다가 미나리가 살짝 숨이 죽으면 불에서 내린다.',30,'생태국',NULL,'생태국에 콩나물을 넣어주면 시원함이 배가 됩니다.',_binary '\0','23'),(2737,NULL,NULL,'1. [연어준비] 신선한 연어는 깨끗하게 포를 3장 떠놓고 포 위에 레몬즙을 발라 놓는다.(미리 발라두면 색이 변하므로 페스토 소스바르기 직전에 한다)\n2. 양파는 잘게 다져 놓는다.\n3. 양송이는 3mm 두께로 슬라이스 한다.\n4. 차이브는 물에 담궈 살려놓는다.\n5. [페스토소스 만들기] 바질, 이태리파슬리, 잣, 엔초비, 마늘을 믹서에 넣고 올리브오일를 넣어 가며 살짝만 갈아 꺼내고, 올리브오일와 파르메쟌을 넣어 농도와 맛을 낸다.\n6. [양송이 샐러드 만들기] 양송이는 5mm두께로 썰어 다진 양파, 레몬주스, 올리브오일, 소금, 후춧가루로 맛을 낸다.',30,'연어까르파치오',NULL,'독특한 바질향이 연어에 쏘옥~ 올리브오일로 한층 부드러운 연어회랍니다.',_binary '\0','24'),(2738,NULL,NULL,'1. 오이는 굵은 소금으로 박박 문질러 씻은 뒤 채썰거나 얇게 통썰기 한다.\n2. 손질한 오이에 다진 파와 마늘, 고춧가루, 식초를 넣어 골고루 무쳐놓는다.\n3. 물 4컵을 끓였다 식힌 뒤 설탕 1큰술과 간장, 식초 2큰술씩, 소금 약간을 넣고 나머지 6컵의 생수를 넣어 냉국물을 만든다.\n4. 상에 낼 때에는 양념해 놓은 오이에 차갑게 식힌 냉국물을 붓고 깨소금을 살짝 뿌린다.',20,'오이냉국',NULL,'아삭아삭한 오이와 새콤달콤한 냉국의 조화!',_binary '\0','25'),(2739,NULL,NULL,'1. [채소 준비] 양파, 샐러리, 당근을 채썰고 트레비소와 루콜라는 먹기좋은 크기고 자른다.\n2. 바질과 이태리파슬리를 다져놓는다.\n3. [해산물 준비] 모든 해산물은 깨끗이 씻어 준비한다.\n4. 냄비에 물을 붓고 적당량의 소금을 넣고 끓인다. 물이 끓으면 해산물을 넣고 살짝 데쳐 꺼내놓는다. 채썰어 놓은 채소도 함께 살짝 데쳐 내어 체에 밭쳐둔다.\n5. 익은 해산물은 알맞은 크기로 잘라놓고, 채소와 함께 버무려 냉장고에 차갑게 식힌다.\n6. [소스 만들기] 믹싱볼에 올리브오일, 레몬즙, 백포도주식초, 다진 바질, 다진 파슬리, 소금, 후춧가루를 넣고 잘 혼합하여 소스를 완성한다.',30,'해산물샐러드',NULL,'시원한 해산물 샐러드~ 상큼한 레몬과 와인을 넣은 드레싱으로 깔끔하게~',_binary '\0','26'),(2740,NULL,NULL,'1. 재첩은 맹물에 한나절 담가 해감시킨 뒤 깨끗이 문질러 씻어 소쿠리에 건져 놓는다.\n2. 냄비에 물 4컵을 붓고 재첩을 넣어 입이 벌어지도록 끓인다.\n3. 국물이 끓으면 4cm 길이로 부추를 썰어 넣고 소금으로 간을 하여 잠깐 더 끓인 후 내린다.',30,'재첩국',NULL,'재첩은 해감을 잘 한다음 사용하셔야 해요. 그래야 깔끔한 맛을 낼 수 있어요.',_binary '\0','27'),(2741,NULL,NULL,'1. 신선한 도미는 비늘을 제거하고 3장뜨기 하여 준비한다. 감자는 야주 얇게 둥글게 썰어서 준비한다.\n2. 방울토마토는 반을 잘라둔다.\n3. 오븐용 종이를 바닥에 깔고 가운데에 올리브오일을 브러쉬를 이용해 잘 바른 후 슬라이스한 감자를 겹겹이 붙여 원형으로 돌려 깔고 위에 소금을 뿌린다.\n4. 도미를 올리고 다진 향초를 뿌리고 방울토마토를 생선의 가장자리 부분에 놓는다.\n5. 녹색과 검은색 올리브, 바질을 올리고 생선살 위에 와인을 조금 뿌린다.\n6. 종이 가장자리에 노른자를 바르고 조금씩 접어 덮고 종이 양쪽은 사탕모양으로 뭉쳐 호일로 끈을 만들어 묶는다. (종이위에 \"ㅍ\" 모양으로 노른자를 바른다. ㅍ모양의 한가운데 내용물이 들어가는것)',60,'구운감자와도미구이',NULL,'감자의 고소함과 도미의 담백함이 어울리는 너무나도 깔끔한 맛의 음식이예요.',_binary '\0','28'),(2742,NULL,NULL,'1. 쇠고기는 적간으로 도톰하게 떠서 두드리듯 앞 뒤로 잔 칼집을 넣는다.\n2. 분량의 갖은 재료를 섞어 고기를 넣고 무쳐 30분 정도 재워 둔다.\n3. 느타리버섯은 끓는물에 데쳐 식혀서 물기를 꼭 짠다.\n4. 실파는 6cm 길이로 자르고 느타라버섯은 잘게 찢어 놓는다.\n5. 햇살담은간장, 파, 마늘, 참기름, 후춧가루로 버섯을 간이 배도록 무친다.\n6. 꼬치에 쇠고기, 실파, 느타리버섯을 순서대로 꿰고 마지막엔 쇠고기를 한번 더 꿰어준다.',40,'쇠고기산적',NULL,'고기와 버섯이 잘 어우러져 언제나 먹어도 질리지 않고 맛있어서 자주 생각나는 음식이죠~!',_binary '\0','29'),(2743,NULL,NULL,'1. 쇠고기는 잔칼집을 넣어 한 입 크기로 도톰하게 썰어둔다.\n2. 피망은 한 입 크기로 네모 썰고 양송이는 모양대로 도톰하게 썬다.\n3. 양파는 피망과 같은 크기로 네모 썰고 마늘은 얇게 편썬다.\n4. 기름 두른 프라이팬에 쇠고기, 양파, 마늘을 볶다가 분량의 양념 재료를 넣고 끓으면 피망, 양송이를 넣고 숨이 죽으면 불에서 내린다.\n5. 소금과 후춧가루를 제외한 분량의 양념재료를 넣어 약불에 졸여 농도가 걸죽해지면 소금과 후춧가루로 간을 해 마무리한다.',40,'쇠고기양송이볶음',NULL,'쫄깃하고 부드러운 쇠고기와 양송이의 만남! 향도 맛도 일품이예요~',_binary '\0','30'),(2744,NULL,NULL,'1. 붉은 색을 띠는 팥을 준비하여 깨끗이 씻어 돌이 없게 일어 놓았다가 냄비에 담고 물을 넉넉히 부어 삶는다. 한참을 삶아 팥이 푹 물러지면 믹서에 곱게 갈아 체에 걸러 놓는다.\n2. 분량의 밀가루와 날콩가루에 소금을 조금 넣고 물 1컵을 조금씩 부어가며 반죽하여 잘 치댄다. 골고루 반죽이 되면 비닐 봉지에 넣고 30분 정도 그대로 두어 끈기가 생기게 한다.\n3. 밀가루 반죽에 끈기가 생기면 좀 더 치댄 뒤 편평한 상에 밀가루를 바르고 방망이로 얇게 밀어 0.3cm 두께로 썬다.\n4. 체에 걸러 놓은 팥국물을 냄비에 담아 다시 끓인다. 팥물이 끓으면 국수를 넣고 서로 붙지 않게 나무젓가락으로 저어 가며 끓인다.\n5. 팥국물이 끓어 국수가 떠오르면 소금으로 간을 하고 불에서 내려 그릇에 담아 낸다.',30,'팥국수',NULL,'팥죽으로만 먹던 팥을 국수로 먹어보세요. 국수가 새롭게 느껴진답니다.',_binary '\0','31'),(2745,NULL,NULL,'1. 죽순은 빗살모양을 살려 얇게 저며 썬다.\n2. 불린 표고는 기둥을 뗀 후 2, 3등분하여 썬다.\n3. 양념장은 간장 1큰술에 다진 파, 마늘, 설탕, 소금, 후춧가루, 참기름을 섞어 만들어 놓는다.\n4. 준비한 죽순과 표고를 그릇에 담고 양념장을 넣어 간이 배도록 무친다.\n5. 달군 팬에 기름을 두르고 센불에 ④를 넣고 볶다가 마지막으로 파를 넣고 살짝 볶아낸다.',20,'죽순표고버섯볶음나물',NULL,'향이 좋은 죽순과 표고버섯을 같이 볶아 보세요. 입맛 살리는 음식이 될거에요.',_binary '\0','32'),(2746,NULL,NULL,'1. 돼지고기는 살만 골라 4cm 길이로 얇게 채썬다. 볼에 넣고 청주와 간장으로 밑간해 둔다.\n2. 부추는 씻어 물기를 빼 4cm 길이로 썬다.\n3. 표고는 잘 불려서 짜 얇게 채썬다. 굵은 파는 어슷썰고 생강은 다진다.\n4. 달군 팬에 기름을 두르고 생강과 파를 볶다가 저민 돼지고기를 넣어 볶는다.\n5. 고기가 익으면 남은 재료를 모두 넣어 볶다가 반쯤 익었을 때 간장으로 다시 한번 볶는다. 채소는 너무 숨이 죽지 않도록 한다.',30,'부추표고버섯볶음',NULL,'향긋한 부추와 표고버섯을 같이 볶아보세요.',_binary '\0','33'),(2747,NULL,NULL,'1. 야채는 깨끗이 씻어 손질한 후 찬물에 담가둔다.\n2. 두부는 흐르는 물에 한번 헹군 후 물기를 살짝 제거하고 분량의 양념 재료를 넣어 믹서에 곱게 갈아 두부드레싱을 준비한다.\n3. 당근은 가로로 얇게 썰고, 파프리카는 굵게 채썬다.\n4. ③을 제외한 야채는 물기를 제거하고 적당하게 찢는다.\n5. 넓은 접시에 야채를 올리고 두부드레싱을 뿌린다.',30,'두부드레싱과 채소샐러드',NULL,'두부의 부드러운 촉감이 너무 좋네요. 물론 몸에도 좋은 추천건강드레싱이예요~',_binary '\0','34'),(2748,NULL,NULL,'1. 콩나물은 줄기가 희고 통통한 것으로 준비하여 뿌리를 다듬어 씻어 물기를 빼놓는다.\n2. 냄비에 콩나물을 담고 물을 넣어 뚜껑을 덮고 데친 다음 콩나물을 건져 물기를 뺀다.\n3. ②의 콩나물을 참기름으로 먼저 버무린 후 다진 파, 다진 마늘, 실고추, 깨소금, 후춧가루, 소금을 넣어 무친다.',20,'콩나물무침',NULL,'아주 흔한 요리이지만,그 맛을 내는데도 비법이 있죠!',_binary '\0','35'),(2749,NULL,NULL,'1. 우엉은 칼등으로 가볍게 긁어 껍질을 벗겨 물에 행군다.\n2. 긴 것은 4cm 길이로 토막내 굵게 채썬다.\n3. 끓는 물에 소금을 넣고 살짝 데쳐 검은 물을 빠지게 한다.\n4. 데친 우엉을 냄비에 담고 간장과 물을 붓고 조린다. 조리시 센불에서 서서히 줄여 조린다.\n5. 반쯤 조려졌을 때 물엿을 넣고 자작할 때까지 조려낸다.\n6. 그릇에 가지런히 담은 뒤 통깨를 솔솔 뿌린다.',30,'우엉조림',NULL,'아삭한 우엉을 맛깔스러운 간장 양념으로 조려보세요~ 맛깔스러운 간단한 반찬, 만들어볼까요?',_binary '\0','36'),(2750,NULL,NULL,'1. 바질은 찬물에 헹궈 물기를 제거해준다.\n2. ①의 분량의 드레싱재료와 함께 섞어 믹서에 간다.\n3. 두부를 지금 6cm 원형 틀로 찍어 낸 다음 1cm 두께로 자른다.\n4. 토마토는 윗부분과 아랫부분을 잘라내고 두부와 같이 1cm두께로 자른다.\n5. 접시 위에 토마토를 놓고, 그 위에 두부, 다시 토마토 순으로 반복하여 쌓는다.\n6. ②의 드레싱과 다진 양파를 섞어 접시 바닥에 뿌리고 두부와 토마토를 찍어 먹는다.',20,'바질토마토두부샐러드',NULL,'샐러드를 더욱 상큼하게 만들어주는 참빛고운 포도씨유로 요리에 상큼함을 더해보세요~',_binary '\0','37'),(2751,NULL,NULL,'1. 잔 멸치는 체에 담아 살살 흔들어 잔부스러기 없이 손질한다.\n2. 당근은 껍질을 벗겨 4cm 길이로 가늘게 채썬다.\n3. 청고추는 반으로 갈라 안을 긁어내고 4cm 길이로 채썬다.\n4. 팬을 뜨겁게 달군 후 잔멸치, 당근, 청고추 순으로 넣어 센불에 볶는다.\n5. 간장, 설탕, 청주를 섞어 만든 조림장을 넣어 간을 맞춘다.\n6. 간이 배면 통깨를 솔솔 뿌려 그릇에 낸다.',20,'멸치볶음',NULL,'고소하고 짭잘한 멸치볶음 하나면 밥 한공기 뚝딱이죠.',_binary '\0','38'),(2752,NULL,NULL,'1. 갈치는 토막내 비늘을 벗기고 칼집을 넣어 준비하며, 대파와 홍고추는 어슷썰고, 마늘은 편썰어 준비한다.\n2. 무는 큼직하게 나박썰어 냄비 바닥에 깔아 준비한다.\n3. 그릇에 분량의 양념 재료를 넣고 준비한 파와 마늘을 고루 섞는다.\n4. 냄비에 깔아 둔 무 위에 갈치를 얹고, 그 위에 ③의 양념장을 얹어 물을 자작하게  부어 끓인다.\n5. 15분간 끓이다가 국물이 졸아들면 뚜껑을 열고 파와 고추를 넣은 후 참기름을 넣어 불에서 내린다.',40,'갈치무조림',NULL,'구이가 지겨우시다면 조림으로 즐겨보세요~ 무를 넣어 더 맛있습니다!',_binary '\0','39'),(2753,NULL,NULL,'1. 닭은 깨끗이 씻어 먹기 좋은 크기로 8토막 내 뼈를 발라낸 다음 골고루 칼집을 낸다.\n2. 넓은 그릇에 다진 파, 마늘, 간장, 고춧가루, 생강즙 등 분량의 양념장 재료를 모두 넣어 섞는다.\n3. 닭고기에 양념장을 고루 버무려 30분 정도 재워둔다.\n4. 팬에 기름을 두르고 중불에서 너무 바삭해지지 않도록 적당히 익혀낸다.',35,'닭불고기',NULL,'닭고기로 만든 불고기! 간장양념이 맛있어요~',_binary '\0','40'),(2754,NULL,NULL,'1. 다시마는 물에 담가 불려서 정사각형으로 잘라 마른 행주로 닦아둔다.\n2. 표고버섯은 더운물에 불려 곱게 다진다.\n3. 두부는 곱게 으깨어 물기를 꼭 짜둔다.\n4. 당근과 풋고추도 곱게 다진다.\n5. 2,3,4를 혼합하고 들깨가루, 깨소금, 소금, 참기름, 후추를 넣어 양념을 하여 볶아 식힌다.\n6. 1의 다시마에 4의 양념된 두부를 손가락 크기로 만들어 놓고 다시마를 세로로 놓아 김밥처럼 말아서 적당히 자른다.',30,'두부다시마말이',NULL,'짭조롬하면서 단백한 두부다시다말이. 다이어트 음식으로 손색없지요.',_binary '\0','41'),(2755,NULL,NULL,'1. 팥은 찬물에 씻은 후 물에 담가 충분히 불린다.\n2. 칼국수면은 손으로 훌훌 털어 뭉침을 풀어준다.\n3. 냄비에 불린 팥을 담고 팥의 1.5배의 물과 소금을 약간 넣고 삶는다.\n4. 끓기 시작하면 첫물은 따라 버리고 다시 찬물을 붓고 팥이 무를 정도로 삶는다.\n5. ④의 팥 삶은 것을 체에 걸러 내려서 팥 껍질을 제거하고 팥앙금과 적정량의 물을 부어 끓인다.(물은 식성에 따라 가감한다)\n6. ⑤의 팥물에 생면을 넣어 끓이다가 소금으로 간한다. 식성에 따라 설탕을 첨가해도 좋다.',50,'팥칼국수',NULL,'구수하고 담백한 팥칼국수~  걸쭉한 팥국물이 딱이예요!',_binary '\0','42'),(2756,NULL,NULL,'1. 깨끗이 다듬은 콩나물은 냄비에 안치고 소금을 조금 넣은 후 물 1컵을 붓고 삶는다. 7분 정도 지나면 체에 밭쳐 물기를 뺀다.\n2. 물에 불린 표고와 쇠고기는 채썰어 갖은 양념(간장, 설탕, 다진 파, 마늘, 후춧가루, 깨소금) 한다.\n3. 미나리는 다듬어 5cm 길이로 썰어 놓는다.\n4. 양파와 당근은 채썰어 소금에 절여놓고 계란은 풀어 지단을 부쳐 채썬다.\n5. 당근, 미나리를 각각 볶아내고 양념해둔 표고와 쇠고기도 볶는다.\n6. 삶은 콩나물에 참기름 1/2큰술과 소금으로 무친다.',30,'콩나물잡채',NULL,'당면 대신 콩나물로 잡채를 만들어볼까요~',_binary '\0','43'),(2757,NULL,NULL,'1. 양배추는 한장씩 뜯어 끓는 소금물에 살짝 데친 다음 찬물에 헹궈 물기를 짠다.\n2. 밤은 속껍질까지 벗겨 찬물에 잠시 담갔다가 끓는물에 반쯤 익을 정도로 데친다.\n3. 쇠고기와 양파는 다져서 그릇에 담고 양념장을 넣어 간이 배도록 버무린다. (양념장 : 간장, 깨소금, 청주, 다진 파, 마늘, 참기름, 후춧가루, 소금)\n4. 삶은 양배추를 넓게 펼쳐 고기를 적당히 담고 밤 한 개를 다진 고기속에 넣어 동그랗게 만다.\n5. 동그랗게 만 양배추말이를 뭉개지지 않을 정도로 실로 묶는다.\n6. 냄비에 양배추말이를 안치고 육수를 자작할 정도로 부어 10분 정도 찐다.',50,'양배추말이찜',NULL,'양배추에 다진고기와 두부를 으깨어 넣어 맛있게 쪄서 먹기좋은 크기로 썰어보세요~',_binary '\0','44'),(2758,NULL,NULL,'1. 마늘은 단단하고 고른것으로 구입하여 물에 충분히 불렸다가 속 껍질까지 벗겨 물기를 완전히 닦아낸다.\n2. 마늘을 그릇에 담고 물 10컵에 소금 1컵을 섞은 소금물을 부어 1주일 정도 숙성시킨다.\n3. 분량의 장아찌간장을 팔팔 끓여 식힌 후 삭힌 마늘에 붓고 1주일 정도 놓아둔다.\n4. 마늘이 잘 삭았으면 장물만 따라내어 팔팔 끓인 다음 식혀서 다시 마늘에 붓는다.',20,'마늘장아찌',NULL,'마늘장아찌, 입맛 없을 때 드셔보세요~',_binary '\0','45'),(2759,NULL,NULL,'1. 오징어는 내장을 빼고 껍질을 벗겨 한장으로 편 뒤 가로 세로 사선으로 칼집을 낸다.\n2. 분량의 재료를 모두 섞어 넓은 그릇에 담고 손질한 오징어를 버무려 15분간 재워둔다.\n3. 팬에 기름을 두르고 고추장양념장에 재운 오징어를 놓고 센불에서 뒤집으면서 굽는다.\n4. 구운 오징어를 둥글게 말아 한 입에 먹을 수 있도록 1cm 정도로 보기좋게 썬다.\n5. 상에 낼때는 몸통모양으로 돌려 담아 먹음직스럽게 모양을 낸다.',40,'오징어불고기',NULL,'오징어로 불고기를 만들어 맛있게 드셔보세요~ 간단하면서도 쉽게 맛낼 수 있답니다.',_binary '\0','46'),(2760,NULL,NULL,'1. 대구살은 포를 떠 넓적하게 썬 다음 소금과 생강즙을 조금 뿌려 밑간이 고루 배도록 준비한다.\n2. 깨끗이 손질한 양파, 피망, 당근은 먹기 좋은 크기로 썰고 불려 둔 목이버섯은 손으로 잘게 뜯는다.\n3.  통조림 통에서 파인애플 한 조각을 꺼내어 마른 거즈에 잘 닦아낸 다음 8등분하여 준비한다.\n4. 준비한 생선에 청주, 계란 흰자, 녹말가루를 넣고 섞어 튀김옷을 골고루 입힌다.\n5. 170℃ 정도의 끓는 기름에 튀김옷을 입힌 생선살을 넣고 바삭바삭하게 튀겨낸다.\n6. 냄비에 육수를 붓고 끓으면 식초, 설탕, 저민 마늘, 양파, 당근을 넣어 끓이다가 토마토케첩으로 간한다.',40,'생선탕수',NULL,'필수아미노산이 풍부한 생선을 탕수육에 응용해보세요. 생선을 못먹는 어린이들에게 더없이 좋답니다.',_binary '\0','47'),(2761,NULL,NULL,'1. 갈비는 뼈가 얇고 4.5cm 정도로 토막 낸 것으로 골라 핏물을 우려 낸 후 깨끗이 씻어 물기를 없앤다.\n2. 갈비의 기름을 떼고 갈빗대의 중심으로 앞뒤로 뒤집어 가며 양편의 살을 저미면서 얇게 편다.\n3. 손질한 갈비는 배즙과 설탕, 청주를 넣어 1시간 정도 재워둔다.\n4. 냄비에 간장, 육수, 굵은 파, 양파, 마늘, 월계수잎, 생강을 넣고 재료가 무를 때까지 푹 끓인다.\n5. 충분히 끓여 둔 양념장은 체에 걸러 따라 놓는다.\n6. 걸러 둔 양념장 5큰술에 양파즙, 물엿, 통깨, 후춧가루, 참기름을 넣고 섞는다.',60,'갈비구이',NULL,'영양 풍부한 갈비로 푸짐한 구이 한번 해볼까요?',_binary '\0','48'),(2762,NULL,NULL,'1. 돼지고기는 0.5cm 두께로 둥글고 두툼하게 썰어 칼집을 넣는다.\n2. 고기를 접시에 담고 소금과 후춧가루로 밑간하고 밀가루, 계란, 빵가루 순서대로 튀김옷을 입힌다.\n3. 160℃의 기름에 고기를 넣어 앞뒤가 노릇해지도록 튀겨 기름을 빼놓는다.\n4. 쇠고기는 잘게 다지고 당근, 샐러리, 마늘은 얇게 저며 썰고 양파는 가늘게 채썰어 볶다가 토마토케첩에 레드와인을 섞어 월계수잎과 육수를 넣고 끓인다.\n5. 다른 냄비에 버터를 녹인 다음 밀가루를 넣어 나무주걱으로 저으면서 갈색이 나도록 볶는다.\n6. ④의 소스가 끓으면 ⑤의 브라운루를 거품기로 잘 저어 풀어준 후 넣고 약한 불에서 뭉근히 끓인다.',60,'돈까스',NULL,'가장 흔한 요리를 가장 특별하게 먹을때 처럼 기분좋은 마음으로 돈까스를 만들어보세요!',_binary '\0','49'),(2763,NULL,NULL,'1. 갈비는 토막내어 기름기를 제거하고 찬물에 30분 정도 담가 핏물을 빼서 준비하고, 냄비에 갈비가 잠길 정도로 물을 부어 대파를 흰 뿌리째 넣고 삶는다.\n2. 삶은 갈비를 식혀 고루 칼집을 넣어두고 삶아낸 물은 육수로 쓴다.\n3. 당근과 무는 밤톨 만하게 썰어 가장자리가 둥글게 모양 내고, 밤은 껍질을 깨끗이 벗겨낸다.\n4. 은행은 달구어진 프라이팬에 기름을 두르고 살짝 볶아낸 후 거즈로 닦아 껍질을 벗겨내고, 표고버섯은 채썰며 계란은 흰자와 노른자를 분리하여 지단을 부쳐 준비한다.\n5. 배는 강판에 갈아서 준비해두고, 배를 비롯한 분량의 양념 재료를 모두 넣고 고루 섞는다.\n6. 냄비에 삶아둔 갈비를 안치고 ⑤의 양념장을 1/2 분량만 끼얹은 후 ②에서 나온 육수 1컵을 부어 끓이다가 갈비가 익고 국물이 졸아들면 남은 양념장을 넣고 준비해둔 밤, 무, 당근, 표고버섯을 넣고 푹 끓인다.',80,'갈비찜',NULL,'잔칫상에 갈비찜이 빠질 수 없죠!',_binary '\0','50'),(2764,NULL,NULL,'1. 돼지고기는 목살로 덩어리째 준비해 실로 돌려가며 묶는다.\n2. 냄비에 물을 붓고 된장을 푼 다음 저민 생강을 넣어 끓이다가 돼지고기를 넣어 무르도록 푹 삶는다.\n3. 다 삶아지면 실을 풀고 꼬치로 찔러보아 피가 묻어나지 않으면 된다.\n4. 고기를 베보자기나 거즈로 싼 다음 꾹꾹 눌러준다.\n5. 고기가 식으면 먹기좋게 0.3cm 두께로 납작하게 저며 썬다.\n6. 굴은 묽은 소금물에 살살 흔들어 씻은 다음 티를 골라내고 깨끗한 물에 헹궈 체에 밭친다.',60,'제육보쌈',NULL,'돼지고기로 보쌈요리를 해보세요... 배추속도 맛있게 양념하여 준비하구요',_binary '\0','51'),(2765,NULL,NULL,'1. 홍합은 신선한 것으로 골라 냄비에 넣고 물, 청주, 파, 소금을 넣어 삶아 건진다. 삶은 홍합은 살만 발라서 수염을 자르고 손질한다.\n2. 냄비에 고추장, 간장, 물엿, 청주, 마늘즙, 생강즙, 깨소금, 참기름을 분량대로 넣어 센 불에서 윤기나게 끓여 양념장을 만들어 놓는다.\n3. 삶은 홍합을 꼬치에 5개식 차례로 한쪽에 꿴다. 크기가 같은 것끼리 꿰야 보기가 좋다.\n4. 꼬치에 꿴 홍합의 앞 뒤에 준비한 양념장을 골고루 발라 10분 정도 재워 간이 배게 한다.\n5. 양념한 홍합을 250℃로 15분간 예열한 오븐에 5분 정도 굽다가 뒤집어 3분간 더 구운 뒤 파슬리를 뿌려 낸다.',30,'홍합꼬치구이',NULL,'쫄깃한 홍합을 좀 더 맛있게 드시는 법~~ 항상 먹는 음식에도 살짝만 변형을 주면 새로움이 느껴진답니다.',_binary '\0','52'),(2766,NULL,NULL,'1. 쇠고기는 기름기 없는 것으로 얇게 저며 썰고 잘 익은 배추김치는 속을 털어내고 먹기 좋게 썬다.\n2. 대파는 어슷썰고 무와 두부는 납작하게 썰어놓는다.\n3. 냄비에 쇠고기, 김치, 무를 넣고 김치국물을 조금 넣어 볶다가 반 정도 익으면 물 4컵을 부어 끓인다.\n4. 고기가 익으면 청국장을 풀고 끓을 때 다진 마늘을 넣는다.\n5. ③을 뚝배기에 옮겨 담고 한소끔 끓이다가 대파와 두부를 넣는다.\n6. 상에 내기 직전에 소금으로 간을 맞춘 뒤 불에서 내린다.',30,'청국장찌개',NULL,'한국인의 입맛에 딱 맞는 구수한 청국장입니다!',_binary '\0','53'),(2767,NULL,NULL,'1. 바지락은 소금물에 담가 해감한다. 해감한 조개는 냄비에 물을 붓고 끓여 입이 벌어지면 조개는 건져내고 국물은 체에 걸러 놓는다.\n2. 돼지고기는 기름을 떼서 저며썰고 배추김치는 속을 털어내고 잘게 썬다.\n3. 양파는 반으로 갈라 채썰고 굵은 파는 어슷썬다.\n4. 냄비에 기름을 두르고 김치, 돼지고기, 양파, 다진 마늘, 고춧가루를 넣어 볶다가 조갯국물을 넣고 끓인다.\n5. 돼지고기와 김치가 익으면 뚝배기에 옮겨 담고 숟가락으로 순두부를 뚝뚝 떠 넣는다.\n6. 바지락과 굵은 파를 넣고 한소끔 끓으면 소금, 후춧가루를 넣어 간을 맞춘다.',25,'순두부찌개',NULL,'순두부의 연한 질감과 개운한 국물이 입안에서 술~술~넘어갑니다.',_binary '\0','54'),(2768,NULL,NULL,'1. 동태는 비늘을 긁고 내장을 제거한 후 5cm 길이로 토막 낸다.\n2. 무는 0.5cm 두께로 나박썰고 애호박은 도톰하게 반달썬다.\n3. 청고추, 홍고추, 대파는 어슷썬다.\n4. 두부는 1cm x 4cm x 3cm 크기로 썬다.\n5. 냄비에 물 또는 육수를 붓고 고추장을 풀어 끓으면 무와 동태를 넣은 뒤 남은 재료를 모두 넣고 끓이면서 소금으로 간을 맞춘다.',40,'동태찌개',NULL,'？끗이 손질한 생선을 넣어 시원한 동태찌개를 끓여보세요~',_binary '\0','55'),(2769,NULL,NULL,'1. 잘 익은 배추김치는 속을 털고 5cm 길이로 썬다. 너무 신 김치는 물에 한번 헹궈 사용한다. 설탕을 1/2 큰술 넣으면 신 맛이 줄어둔다.\n2. 돼지고기는 기름이 약간 섞인 것으로 준비해 한 입 크기로 납작하게 썬다.\n3. 가래떡은 씻어 건져 물기를 빼 놓고 굵은 파는 반으로 갈라 5cm 길이로 쭉쭉 찢어 놓는다.\n4. 분량의 고춧가루에 다진 마늘, 생강, 청주를 넣고 고루 섞어 양념 고춧가루를 만들어 놓은 뒤 30분정도 재워둔다.\n5. 준비한 김치를 먼저 안치고 양념 고춧가루를 고루 끼얹은 다음 납작 썬 돼지고기, 굵은 파, 다진 마늘, 참기름을 넣고 육수 4컵을 부어 끓인다.\n6. 센 불에 끓이면서 김치가 어느정도 물러 지면 준비한 가래떡을 함께 넣고 중불에서 서서히 끓인다.',40,'김치찌개',NULL,'냉장고에 있는 김치로 얼큰한 김치찌개 끓여보세요. 김치는 단순한 듯 하지만 조리법에 따라 다양한 맛을 낼 수 있답니다.',_binary '\0','56'),(2770,NULL,NULL,'1. 깨끗이 씻은 콩은 물에 담가 하룻밤 정도 불려서 4배로 불려지면 손으로 비벼 껍질을 벗긴다.\n2. 통통하게 불린 콩을 믹서에 넣고 물 3컵을 조금씩 부어가며 되직할 정도로 갈아 콩비지를 만든다.\n3. 살코기로 준비한 돼지고기는 한 입 크기로 얄팍하게 납작썰기하고 배춧잎은 데쳐서 1cm 정도로 송송 썬다.\n4. 다진 파, 마늘, 참기름으로 돼지고기와 배춧잎을 양념한 다음 냄비에 기름을 두르고 함께 볶는다.\n5. 돼지고기가 익으면 콩비지를 넣고 서서히 끓이다가 끓어오르면 소금으로 간을 맞추어 한소끔 더 끓인다.\n6. 간장 3큰술에 다진 파, 마늘, 고춧가루, 참기름, 깨소금을 넣고 고루 섞어서 콩비지찌개에 곁들인다.',30,'콩비지찌개',NULL,'구수한 냄새가 고향의 맛을 전해주네요. 옛날 엄마의 맛을 기억하면서 정성스럽게 끓여보세요.',_binary '\0','57'),(2771,NULL,NULL,'1. 잘 마른 황태를 골라 방망이로 두드려 부드러워지면 물에 불렸다가 잘 다듬어 5cm 길이로 자른 뒤 냄비에 물 4컵을 붓고 끓여 북어는 건져서 손으로 찢는다.\n2. 콩나물은 다듬어 씻고 두부는 4cm 길이로 길게 썬다.\n3. 홍고추와 굵은 파는 어슷썬다.\n4. 찢어놓은 북어를 그릇에 담아 소금과 참기름을 넣고 양념한 후 계란 2개를 넣어 고루 섞는다.\n5. 북어국물에 콩나물과 홍고추를 넣고 끓이다가 계란물에 섞은 북어를 한 숟가락씩 넣고 소금, 후춧가루로 간한다.\n6. 북어가 떠오르면 두부와 파, 다진 마늘을 넣고 살짝 끓인 후 불에서 내린다.',30,'북어국',NULL,'개운한 북어국은 해장용으로도~ 소화가 잘 안되 속을 진정시켜줄 때에도 모두 좋은 요리랍니다.',_binary '\0','58'),(2772,NULL,NULL,'1. 유부는 기름을 떼고 어슷하게 반으로 갈라 끓는물에 데쳐 찬물에 헹궈 부드럽게 해 놓는다.\n2. 준비한 우엉, 당근은 깨끗이 씻어 곱게 다진다.\n3. 분량의 재료를 넣어 만든 조림장을 끓이다가 다진 우엉, 당근, 쇠고기를 넣고 국물이 없어질 때 까지 은근하게 조린다.\n4. 채소와 고기가 어느정도 조려지면 마지막에 유부를 뒤집어 넣고 뒤적여 맛을 들인다.\n5. 고슬고슬하게 지은 밥에 조린 우엉, 당근, 고기를 넣어 골고루 잘 섞어준다.\n6. 간이 밴 유부를 왼손에 뒤집어 잡고 오른손으로 밥을 꼭꼭 눌러 유부 안으로 넣은 다음 오므린다.',20,'유부초밥',NULL,'맛있게 조린 유부에 밥을 넣어 만든 초밥종류입니다',_binary '\0','59'),(2773,NULL,NULL,'1. 쌀과 물의 양을 1:1 비율로 잡고 다시마 1장과 청주, 소금을 넣어 밥을 짓고, 뜨거울 때 넓은 그릇에 담아 식초, 소금, 설탕을 섞어 만든 배합초를 고루 뿌려가며 섞으면서 식힌다.\n2. 쇠고기는 곱게 갈아 간장, 설탕, 후춧가루로 간하여 프라이팬에 기름을 두르고 볶아두고, 잔멸치는 기름 두른 뜨거운 프라이팬에 한번 볶은 후 설탕과 간장을 1:2의 비율로 넣고 살짝 조려 물엿을 섞어 맛을 낸다.\n3. 표고버섯은 미지근한 물에 불려 기둥을 떼고 물기를 꼭 짠 후 채썰어서 간장, 참기름, 설탕, 후춧가루로 양념하여 프라이팬에 볶는다.\n4. 단무지는 곱게 채썰어 물기를 뺀 후 식초, 설탕, 소금을 넣고 버무린 다음 고춧가루로 살짝 물들인다.\n5. 김치는 익은 것으로 하되 식성에 따라 행궈서 사용해도 좋다. 곱게 채썰어 꼭 짜서 깨소금, 참기름으로 무친다.\n6. 다섯가지 재료가 완성되면 준비한 밥을 다섯 등분으로 나누어 속재료를 한가지씩 묻혀서 갖가지 모양을 만든다.',30,'오색주먹밥도시락',NULL,'오감만족 오색빛깔 주먹밥!',_binary '\0','60'),(2774,NULL,NULL,'1. 해파리는 먼저 소금물에서 3시간 정도 우려서 짠맛을 뺀 뒤 냉수에 헹궈 50℃ 정도의 따뜻한 물에 담근다. 해파리가 쪼글쪼글해지면 다시 물을 갈아 담갔다가 소쿠리에 건져 물기를 꼭 짠다.\n2. 넓고 큰 것은 가로 세로 10cm 정도로 잘라 둥글게 말아 가늘게 채썬다. 찬물에 헹궈내어 물기를 꼭 짜서 냉장고에 차게 둔다.\n3. 오이는 굵은 소금으로 문질러 씻은 후 가늘게 채썰어 찬물에 10분 정도 담갔다 건진다.\n4. 게맛살은 채썬 해파리와 같은 굵기로 결대로 찢는다.\n5. 곁들일 토마토는 단면으로 약간 도톰하게 썬다.\n6. 소스는 다진 마늘에 분량의 식초, 육수, 설탕, 간장, 소금, 참기름을 넣고 고루 섞는다.',40,'해파리냉채',NULL,'쫄깃한 해파리로 새콤한 냉채요리를 해보세요. 손님초대 요리로 손색없는 입맛 당기는 요리입니다.',_binary '\0','61'),(2775,NULL,NULL,'1. 배추는 고를 때 속이 꽉차고 묵직한 것으로 골라 큰 것은 4등분 작은 것은 2등분한다. 농도가 15% 정도 된 소금물에 담갔다가 꺼낸 후 굵은소금을 뿌려 5~6시간동안 절여둔다.\n2. 잘 절여진 배추는 여러 개의 양푼에 물을 담아 순서대로 흔들어 씻은 후 물기를 빼고 심을 잘라 정리한다.\n3. 미지근한 물 1컵에 고춧가루를 넣고 잘 섞어 불린다.\n4. 무, 배는 4~5cm 길이로 채썰고 미나리, 실파는 4cm 길이로 썬다. 굵은 파는 어슷썬다.\n5. 깨끗이 씻어 껍질을 벗긴 마늘과 생강을 절구에 조금씩 넣어 가면서 곱게 찧는다.\n6. 불린 고춧가루에 갖은 양념을 넣어 버무리고 준비한 채소를 전부 넣어 속을 만든다.',90,'통배추김치',NULL,'우리 식탁에서 꼭 빠져서는 안될 것이 바로 배추김치죠.',_binary '\0','62'),(2776,NULL,NULL,'1. 열무와 무는 흐르는 물에 깨끗이 씻어 다듬어 4~5cm 길이로 썬다. 큰 그릇에 열무와 풋배추를 섞이지 않게 넣고 소금을 뿌려 1시간 정도 절인다.\n2. 실파는 4cm 길이로 썰고 청고추는 어슷썰고 씨를 대충 털어낸다.\n3. 냄비에 10컵의 물을 붓고 밀가루 2큰술을 넣어 중불에서 풀을 쑤어 식혀 놓는다.\n4. 홍고추는 물에 불려 반으로 가르거나 어슷썰어 씨를 털어내고 분마기에 조금씩 넣어 방망이로 곱게 갈아 놓는다.\n5. 식힌 밀가루풀에 분량의 물을 붓고 곱게 간 홍고추, 다진 마늘, 생강, 청고추를 넣는다.\n6. 국물을 준비한 뒤 싱거우면 소금으로 간한다.',40,'열무김치',NULL,'아삭하게 씹히는 열무김치, 잘 익힌 국물 맛이 탄산음료에 버금간답니다.',_binary '\0','63'),(2777,NULL,NULL,'1. 오이는 굵은 소금으로 문질러 씻어 5cm 길이로 잘라 십자로 칼집을 넣는다.\n2. 오이가 잠길 정도의 물에 굵은 소금을 풀어 소금물을 만들어 오이를 담가 30분 정도 절인 후 마른 행주로 물기를 닦는다.\n3. 부추는 씻어 가지런히 잡고 잘게 송송 썬다.\n4. 넓은 그릇에 분량의 고춧가루를 담고 물을 조금씩 부어가며 되직하게 개어 다진 파, 다진 마늘, 다진 생강과 송송 썬 부추를 넣고 소금과 설탕으로 간을 맞춰 버무린다.\n5. 오이의 칼집이 벌어지게 한 후 ④의 소를 빠지지 않게 채운다.\n6. 준비해둔 통에 오이를 길이대로 눕혀 차곡차곡 담고 남은 소를 위에 얹는다.',40,'오이소박이',NULL,'아삭하게 씹히는 오이와 맛있는 양념의 환상의 조화!',_binary '\0','64'),(2778,NULL,NULL,'1. 무는 나박썰기하고 배추는 속대만 골라 무와 같은 크기로 썰고 따로 소금에 절인다. 30분 정도 절인 뒤 한 번 뒤집어 준다.\n2. 미나리는 씻어 3cm 길이로 자르고 홍고추는 반으로 갈라 씨를 털고 채썬다.\n3. 굵은 파, 생강, 마늘도 곱게 채썬다.\n4. 큰 그릇에 물 20컵을 붓고 고춧가루 1/3컵을 거즈에 싸서 물에 담가 흔들어 고춧가루 물을 만든 뒤 소금간을 한다.\n5. 절여진 배추와 무에 채썬 파, 마늘, 생강, 홍고추, 미나리를 섞어 고루 버무린다.\n6. 잘 버무려진 나박김치를 항아리에 먼저 담고 삼삼하게 간을 한 김칫국을 부어 숙성시킨다.',35,'나박김치',NULL,'향긋한 미나리를 나박김치에 넣어 향도좋고 맛도좋은 개운한 물김치 드셔보세요. 소화제가 필요없답니다.',_binary '\0','65'),(2779,NULL,NULL,'1. 총각무는 무청이 파랗고 심이 없는 것으로 골라 잔뿌리는 떼고 무청이 달린 부분은 칼로 다듬어 씻어 건진 후 무가 크면 길게 2등분한다.\n2. 큰 그릇에 총각무를 켜켜이 담아 소금물을 붓고 표면이 덮이도록 소금을 뿌려 3시간 정도 절인다.\n3. 대파는 깨끗이 손질해 어슷썬다.\n4. 물1컵에 찹쌀가루 3큰술을 풀어 거품기로 저어주면서 중간 불에서 찹쌀풀을 쑤어 식힌다.\n5. 멸치젓을 냄비에 담고 센불에서 살이 빠지고 뼈만 남을 때까지 끓여 체에 밭쳐 국물을 거르고, 식힌 찹쌀풀에 고춧가루, 대파, 다진 마늘, 다진 생강, 멸치젓국, 새우젓, 설탕을 고루 넣어 양념을 만든다.\n6. 절여둔 총각무에 양념을 넣어 잘 버무린 다음 2-3개씩 모아 하나로 묶어서 항아리에 차곡차곡 담아 익힌다.',60,'총각김치',NULL,'뜨거운 밥과 총각김치가 너무 잘 어울리지요.',_binary '\0','66'),(2780,NULL,NULL,'1. 무는 깨끗이 씻어 물기를 닦고 1.5cm 두께로 토막내어 가로 세로 1.5cm크기로 고르게 깍뚝썬다.\n2. 실파, 미나리, 갓은 다듬어 씻어 3~4cm 길이로 똑같이 맞추어 썬다.\n3. 굴은 삼삼한 소금물에 담가 살살 흔들어 씻어 소쿠리에 건져 물기를 뺀다.\n4. 새우젓은 잡티를 골라 새우젓 건더기만 건져내어 도마 위에 놓고 곱게 다져 놓는다.\n5. 깍뚝썬 무는 우묵한 그릇에 담고 분량의 고춧가루를 넣어 고루 섞어 빨갛게 물들인다.\n6. 깍두기에 고춧가루물이 골고루 들었을 때 소금을 고루 넣고 간이 배도록 살짝 버무린다.',40,'굴깍두기',NULL,'무에 굴을 넣어 김치를 담궈보세요. 굴의 풍부한 영양과 무의 개운한 맛이 함쳐져 굴깍두기 하나로 밥 한그릇 뚝딱입니다.',_binary '\0','67'),(2781,NULL,NULL,'1. 무는 적당히 작은 것으로 골라 수세미로 가볍게 문질러 씻어 잔털을 정리한다.\n2. 넓은 그릇에 소금을 깔고 무를 그 위에 굴려 항아리에 담아 하룻밤 재운다.\n3. 갓과 살파는 소금에 절여 헹구어 믈기를 뺀 후 실파는 3뿌리씩 갓은 1뿌리씩 묶는다.\n4. 손질한 청고추는 항아리에 차곡차곡 담아 짭짤하게 소금물을 만들어 붓고 한달 정도 그늘에 두어 삭힌다.\n5. 마늘과 생강은 얄팍하게 저며썬다.\n6. 배는 씻어 껍질을 벗기지 말고 반으로 자른다. 깨끗한 주머니에 저며 썬 마늘과 생강, 굵은 파뿌리를 넣고 배를 넣어 잘 아물린다.',40,'동치미',NULL,'동치미로 시원한 국물 내어 겨울철 야식으로 이용해보세요. 이보다 더 맛있을 순 없을겁니다.',_binary '\0','68'),(2782,NULL,NULL,'1. 갓은 겉잎을 잘라내고 큰 그릇에 물을 넉넉히 담고 흔들어 여러 번 헹구어 씻는다.\n2. 갓을 가지런히 담고 소금을 골고루 뿌려 1시간 정도 절인 뒤 30분 정도 지나면 한번 뒤집는다.\n3. 마지막 헹굴때 갓이 무르지 않도록 물에 소금을 조금 넣어 씻는다.\n4. 무는 다듬어 가늘게 채썰어 그릇에 담고 소금을 뿌려 30분 정도 절였다가 물기를 꼭 짠다.\n5. 멸치젓은 달이지 않고 국물만 체에 걸러 사용한다.\n6. 물 1컵에 찹쌀가루 3큰술을 넣고 중불에서 눌지 않도록 저으면서 되직하게 찹쌀풀을 쑨다.',30,'갓김치',NULL,'물에 밥을 말아 갓김치를 얹어 먹으면 밥도둑이 따로 없답니다. 씁쓸한 맛이 매력인 갓김치! 만들어 보세요~',_binary '\0','69'),(2783,NULL,NULL,'1. 꽃게는 솔로 문질러 씻어 등딱지를 떼고 모래주머니를 제거한다. 집게발은 떼서 끝을 다듬고, 몸통은 4토막으로 자른다.\n2.  애호박은 0.5cm 두께로 반달썰고, 무는 2cm x 2cm로 얇게 썬다.\n3. 풋고추, 홍고추, 대파는 깨끗이 씻어 어슷썰고 느타리버섯은 흔들어 씻어 큰 것은 길이대로 적당히 찢어놓는다.\n4. 냄비에 물 3컵을 붓고 체에 고추장을 걸러 푼 다음 썰어둔 무를 넣고 한소끔 끓인다.\n5. 무가 어느 정도 익으면 준비한 꽃게, 느타리버섯, 고추, 다진 마늘, 생강을 넣고 끓이다가 애호박, 대파, 고춧가루를 넣고 끓인다.\n6. 재료가 다 익어 맛이 어우러지면 위에 떠오르는 거품을 걷어내고 국간장, 소금, 후춧가루로 간을 맞춰 살짝 끓여 낸다.',40,'꽃게찌개',NULL,'알이 가득 찬 꽃게로 얼큰하고 시원한 탕요리를 해보세요~',_binary '\0','70'),(2784,NULL,NULL,'1. 돼지등뼈는 큼직하게 토막내 하룻 밤 정도 찬물에 담갔다가 핏물이 빠지면 건진다.\n2. 냄비에 물을 넉넉히 붓고 돼지등뼈를 넣어 끓이다가 도중에 물을 한 번 따라버리고 다시 물을 부어 끓인다.\n3. 감자는 껍질을 벗긴 뒤 2등분하여 냉수에 담갔다가 건져 물기를 빼놓는다.\n4. 굵은 파는 길이대로 길게 자르고 마늘, 생강은 곱게 다진다.\n5. 냄비에 물을 넉넉히 붓고 손질해 놓은 감자를 넣어 삶는다. 너무 푹 익지 않았을 때 체에 밭쳐 건져낸다.\n6. 청정원 맛선생을 비롯한 분량의 양념장을 넣어 양념을 준비한다.',60,'감자탕',NULL,'얼큰한 국물에 양념이 잘 베인 감자와 돼지고기가 입에서 술술 넘어갑니다.',_binary '\0','71'),(2785,NULL,NULL,'1. 아구는 입끝에 독이 있으므로 입주위를 돌려가며 잘라내고 배를 갈라 내장을 뺀 다음 5cm 길이로 토막내어 열십자로 칼집을 넣는다.\n2. 싱싱한 콩나물을 준비하여 머리와 뿌리를 제거해 준비하고, 미나리 줄기와 고사리는 콩나물과 같은 크기로 썬다.\n3. 싸리버섯은 찢고 깻잎은 길게 2등분해 0.5cm로 채썬다.\n4. 물 4컵에 된장 4큰술을 체에 내려서 풀고 물 6컵을 더 넣어 끓인 후 물이 끓어 오르면 손질한 아구, 콩나물, 고사리를 넣어 한소끔 더 끓인다.\n5. ④가 끓으면 싸리버섯, 고추, 대파, 다진 마늘, 고춧가루, 후춧가루를 넣어 양념한 후 한소끔 더 끓인다.\n6. 불에서 내리기 직전에 미나리와 깻잎을 넣어 살짝 끓여 낸다.',30,'아구탕',NULL,'아구찜과는 또다른 매력, 아구탕 대령이오~',_binary '\0','72'),(2786,NULL,NULL,'1. 조기는 내장과 지느러미를 떼어내고 비늘을 긁어 손질한 뒤 통째로 씻어서 3~4토막으로 자른다.\n2. 무는 가로 세로 4cm로 나박썰고 양파는 굵게, 생강은 곱게 채썬다.\n3. 굵은 파는 어슷썰고 마늘은 다진다.\n4. 냄비에 물 4컵을 붓고 간장을 넣어 간한 뒤 고춧가루를 풀어 넣고 한소끔 끓인다.\n5. 국물이 팔팔 끓으면 무와 손질한 조기를 넣어 중불에서 끓인다.\n6. 조기가 어느정도 익으면 굵은 파와 채썬 양파, 다진 마늘, 생강을 넣고 잠깐 더 끓여 불에서 내린다.',30,'조기매운탕',NULL,'조기로 구이요리만 하셨다구요? 이번에는 매운탕으로 끓여보세요. 조기의 또다른 맛을 느끼실 수 있답니다.',_binary '\0','73'),(2787,NULL,NULL,'1. 명란은 붉은 빛을 띠는 싱싱한 것으로 준비해 찬물에 살살 씻어 헹군 다음 체에 밭쳐 물기를 뺀다.\n2. 쇠고기는 기름기 없는 연한 살코기만 골라 가늘게 채썬 후 간장, 다진 파, 다진 마늘, 참기름, 깨소금을 넣고 무친다.\n3. 무는 2cm x 2cm 크기로 납작썰고 콩나물은 뿌리를 다듬어 씻고, 대파, 홍고추는 어슷썰며 쑥갓과 대파는 씻어 5cm 길이로 썬다.\n4. 분량의 간장에 고춧가루, 다진 마늘, 생강즙, 청주, 소금, 후춧가루를 넣고 골고루 섞어 양념장을 만든다.\n5. 뚝배기를 뜨겁게 달구어 밑간한 쇠고기와 납작썬 무를 넣고 볶다가 어느 정도 익으면 물 4컵을 붓고 양념장을 고루 풀어 넣는다.\n6. 국물에 명란과 콩나물을 넣고 끓이다가 미나리, 쑥갓, 고추, 대파를 넣고 조금 더 끓여 향을 돋군다.',30,'알탕',NULL,'씹히는 맛이 독특한 알이 듬뿍 들어간 얼큰하고 시원한 알탕!',_binary '\0','74'),(2788,NULL,NULL,'1. 우거지는 깨끗이 다듬어 끓는 물에 푹 삶은 뒤 찬물에 담가 냄새를 뺀다.\n2. 쇠고기는 기름기가 많은 것으로 골라 먹기 좋은 크기로 얄팍하게 저며 썬다.\n3. 청고추와 홍고추는 꼭지를 딴 뒤 송송 썰어 씨와 함께 다져놓는다. 파는 어슷썰고 마늘과 생강은 곱게 다진다.\n4. 그릇에 물기를 뺀 ①을 넣고 된장 4큰술과 다진 마늘, 식용유 1큰술을 넣어 무친다.\n5. 냄비에 기름을 두르고 쇠고기를 넣어 볶다가 무쳐놓은 우거지를 넣고 함께 볶은 후 쌀뜨물을 붓고 약불에서 은근히 끓인다.\n6. 찌개가 끓으면 다진 청고추와 홍고추, 어슷썬 파를 넣고 간장으로 심심하게 간을 맞춘다.',30,'우거지된장찌개',NULL,'비타민이 듬뿍 들어있는 우거지를 이용한 구수한 찌개요리예요~',_binary '\0','75'),(2789,NULL,NULL,'1. 쇠고기는 샤브샤브용으로 얇게 썰은 것으로 준비하고 접시에 보기 좋게 펼쳐 담는다.\n2. 배추는 속대로 준비하여 깨끗이 씻은 뒤 4cm 길이로 썬다. 당근과 무는 한 입 크기로 나박썰며 양파는 채썬다.\n3. 곤약은 4cm 길이로 납작하게 썰고 어묵과 함께 끓는 물에 데쳐 준비한다.\n4. 표고버섯은 갓의 중심에 칼집을 넣어 모양을 내고 느타리버섯은 모양대로 준비하며 팽이버섯은 밑둥을 잘라 준비한다.\n5. 물에 씻어 물기를 뺀 쑥갓과 쇠고기, 배추, 표고버섯, 팽이버섯, 어묵, 곤약 등 준비한 재료를 큰 접시에 돌려 담는다.\n6. 물 6컵에 다시마를 넣고 끓으면 다시마는 건져내고 청주, 소금을 넣어 간을 맞춘다.',30,'샤브샤브',NULL,'부담없이 먹을 수 있는 샤브샤브, 점심메뉴로도 좋습니다~',_binary '\0','76'),(2790,NULL,NULL,'1. 배추는 연한 잎으로 준비하여 큰 것은 반으로 갈라놓는다.\n2. 애호박은 0.3cm 두께로 반달썰고 양파는 채썰며 대파는 어슷썬다.\n3. 느타리버섯은 찬물에 흔들어 씻어 반으로 찢은 다음 물기를 빼둔다.\n4. 쇠고기는 양지를 덩어리째 준비하여 물 4컵을 부어 푹 삶은 다음 얇게 썰어 국물은 기름을 걷어내고 육수로 쓴다.\n5. 국수는 냄비에 물을 반쯤 부어 소금을 넣고 삶는다. 국수가 끓어오르면 찬물 1컵을 붓고 다시 끓으면 찬물에 헹군 뒤 체에 건져 물기를 뺀다.\n6. 고춧가루에 진간장, 다진 마늘, 후춧가루를 분량대로 넣고 고루 섞은 다음 기름 두른 프라이팬에 넣고 살짝 볶는다.',40,'국수전골',NULL,'입맛 없을 때, 전골냄비에 끓여낸 보글보글 국수전골! 서늘한 날씨에 좋습니다~',_binary '\0','77'),(2791,NULL,NULL,'1. 낙지는 내장을 떼고 소금으로 문질러 씻은 다음 5cm 길이로 자르고 머리도 같은 크기로 자른다.\n2. 손질한 낙지를 간장 1큰술에 다진 파와 마늘을 넣고 양념한 뒤 10분 정도 재워둔다.\n3. 새우는 소금물에 씻어 등쪽 두번째 마디를 꼬치로 찔러 내장을 빼고 껍질을 벗긴다.\n4. 실파는 5cm 길이로 썰고 표고버섯도 5cm 길이로 채썬다. 홍고추는 씨를 털고 반으로 갈라  길이대로 채썰고 쑥갓은 씻어 5cm로 자른다.\n5. 쇠고기 50g은 채썰고 30g은 다져서 각각 양념한다. 두부는 씻어 으깬 다음 물기를 꼭 짜서 소금, 참기름, 깨소금으로 양념한다.\n6. 양념한 두부와 다진 쇠고기를 섞어 완자로 빚은 다음 밀가루와 계란을 입혀 프라이팬에 굴려 익힌다.',40,'낙지전골',NULL,'갖가지 재료를 듬뿍 넣은 시원한 전골요리로 저녁 식탁을 꾸며보세요~',_binary '\0','78'),(2792,NULL,NULL,'1. 찬물에 핏물을 뺀 선지를 소금을 조금 넣은 끓는 물에 덩어리째 넣고 살짝 데쳐 숟가락으로 뚝뚝 떼 놓는다. 우거지는 끓는물에 데친 후 5cm 길이로 썬다.\n2. 콩나물은 뿌리를 다듬어 씻은 다음 살짝 삶아내고 물기를 빼놓는다.\n3. 분량의 진간장에 다진 파, 마늘, 고춧가루, 참기름, 깨소금을 넣어 고루 섞어 양념장을 만든다.\n4. 준비한 우거지, 콩나물은 그릇에 한데 담고 고추장과 다진 파, 마늘을 넣어 간이 배도록 조물조물 무친다.\n5. 된장을 걸러 한소끔 끓인 국물에 양념한 우거지, 콩나물을 넣고 다시 팔팔 끓인다.\n6. 우거지와 콩나물이 어느정도 물러져 맛이 우러나면 데쳐 놓은 선지를 넣고 양념장으로 알맞게 간을 맞춘 다음 한소끔 끓인다. 떠오르는 거품을 걷어내고 뜨겁게 끓여 상에 낸다.',30,'선지국',NULL,'선지는 단백질이 풍부하고 철분이 많이 함유되 씹으면 고소한 맛과 영양이 그대로 전해진답니다.',_binary '\0','79'),(2793,NULL,NULL,'1. 뚝배기에 한 사람이 먹을 만큼의 밥을 담고 콩나물은 씻어 삶아 밥이 덮일 만큼 수북이 얹는다.\n2. ①위에 어슷썬 실파와 청고추, 결대로 찢은 장조림을 보기 좋게 둘러 얹고, 그 위에 잘게 썬 김치와 다진 마늘을 얹는다.\n3. 재료를 넣은 뚝배기에 육수를 자작하게 부어 보글보글 끓이다가 상에 내기 직전에 살짝 구운 김을 비벼 얹고 생계란을 깨뜨려 얹은 다음 깨소금을 뿌린다.\n4. 새우젓을 따로 곁들여 식성대로 간을 맞춰 먹는다.',30,'콩나물국밥',NULL,'콩나물을 넣어 시원한 국밥 한뚝배기 하실래요~',_binary '\0','80'),(2794,NULL,NULL,'1. 양은 속껍질이 나오도록 말끔히 벗겨 흐르는 물에 헹군 뒤 큰 그릇에 담아 소금으로 벅벅 문질러 씻은 후 다시 헹궈낸다.\n2. 무는 큼직하게 토막 낸다. 대파 1/2뿌리는 송송 썰고 남은 1/2뿌리는 길고 큼직하게 썰어 놓는다. 마늘은 통째로 준비한다.\n3. 손질한 양을 냄비에 넣고 물을 충분히 부은 후 길게 썬 파와 통마늘을 넣고 뚜껑을 연채 푹 익도록 끓인다. 20분쯤 끓어 양이 익으면 양지머리를 넣고 덩어리째 한참 끓인다.\n4. 양과 양지머리가 익으면 토막 낸 무를 넣어 무가 속까지 익을 때까지 푹 끓인다.\n5. 익은 고기와 무를 건진다. 무와 양지머리는 납작하게 썰고, 양은 어슷하게 썬다.\n6. 분량의 양념 재료로 양념을 만든다. 그릇에 양과 양지머리를 함께 넣고 양념한다. 무는 부서지기 쉬우므로 따로 양념한다.',120,'곰탕',NULL,'곰탕, 이제는 집에서 끓여 더욱 깊은 맛을 내보세요.',_binary '\0','81'),(2795,NULL,NULL,'1. 토막낸 쇠뼈와 사골은 찬물에 1-2시간 담가서 핏물을 빼고 도가니와 양지머리는 덩어리째 씻어놓는다.\n2. 큰 솥에 쇠뼈와 사골을 넣고 물을 넉넉히 부어 센불에서 끓이다가 국물에 검은색이 돌고 거품이 나면 검은 물을 따라 버리고 다시 물 20컵을 부어 끓인다.\n3. 끓는 사골국물에 도가니와 양지머리를 덩어리째 넣고 파1뿌리와 통마늘1통을 넣어 뚜껑을 연 채 끓인다. 팔팔 끓어오르면 불을 줄이고 뭉근히 푹 끓인다.\n4. 도가니가 푹 물러지면 건져 내 작은 토막으로 썰고 양지머리는 저며썰어 놓는다.\n5. 끓는 물에 국수를 삶아 찬물에 행군 다음 체에 건져 놓는다.\n6. 물기빠진 국수를 끓는 국에 담가 따뜻하게 데운 다음 뚝배기에 담고 그 위에 고기를 얹어 국물을 붓는다. 상에 낼 때는 소금과 후추가루, 송송 썬 파를 그릇에 담아낸다.',90,'설렁탕',NULL,'쇠뼈를 푹 고아낸 뽀얀 국물 한 대접 먹으면 기운이 솟아납니다.',_binary '\0','82'),(2796,NULL,NULL,'1. 도가니는 적당히 토막 내어 찬물에 담가 핏물을 뺀다. 사태는 기름기 없는 것으로 골라 덩어리째 준비한다.\n2. 냄비에 물 20컵을 붓고 사태를 넣어 끓이다가 붉은 색이 없어지면 도가니를 넣어 센 불에서 끓인다.\n3. 끓이다가 국물이 우러나오면 고기를 건져서 한입 크기로 썰고, 남은 뼈는 다시 국물에 넣고 2시간 동안 푹 고아낸다.\n4. 썰어 놓은 고기에 다진 마늘 2큰술 반과 분량의 생강, 소금, 후춧가루를 넣어 양념하고 국물은 위에 한지를 덮어 스며들게 한다.\n5. 건지를 그릇에 담고 송송 썬 파를 얹은 다음 국물을 끓여 붓는다.\n6. 진간장에 다진 마늘 반 큰술, 생강, 고춧가루, 참기름, 후춧가루를 넣고 양념장을 만들어 종지에 담아내어 곁들인다.',180,'도가니탕',NULL,'몸이 허하다고 느껴질때 도가니탕 한그릇으로 기운 챙기세요.',_binary '\0','83'),(2797,NULL,NULL,'1. 쇠꼬리는 4cm로 토막 낸 후 찬물에 담가 핏물을 뺀다. 찬물을 두세 번 갈아서 깨끗이 헹구어 건져놓는다.\n2. 무는 3cm 길이로 토막 내고, 파 1뿌리는 송송 썰고 1뿌리는 5cm 길이로 썬다. 당면은 찬물에 불렸다가 끓는 물에 데친 후 체에 밭쳐 찬물에 헹군다.\n3. 냄비에 물을 팔팔 끓여 핏물을 뺀 쇠꼬리를 넣고 데친 다음, 첫물은 따라내고 다시 찬물을 20컵 부어 무와 크게 썬 파, 통마늘을 넣고 국물이 뽀얗게 우러나도록 중불에서 1시간 이상 끓인다.\n4. 국물이 우러나면 쇠꼬리를 건져 한 입 크기로 썬 다음 분량의 양념 재료로 양념한다. 무도 건져내어 식혀서 얄팍하게 나박썰고 따로 양념한다. 국물은 거즈에 걸러낸다.\n5. 거즈에 밭친 국물을 냄비에 담고 양념한 쇠꼬리와 무를 넣어 한소끔 더 끓인다.\n6. 국물이 끓으면 준비한 당면과 송송 썬 파를 넣고 소금으로 간 한 뒤 살짝 끓여 상에 낸다.',60,'꼬리곰탕',NULL,'꼬리곰탕 한그릇이면 허했던 기력을 찾을 수 있죠.',_binary '\0','84'),(2798,NULL,NULL,'1. 갈비는 찬물에 담가 핏물을 뺀 뒤 냄비에 넣고 물 10컵을 부어 푹 끓인다.\n2. 무는 3cm 두께로 토막 내어 갈비와 같이 끓여 푹 익힌다.\n3. 무와 갈비가 푹 익으면 건져 내어 거즈나 종이로 기름을 걸러낸다.\n4. 삶아낸 갈비와 무를 그릇에 담고 국간장, 다진 파, 다진 마늘, 참기름, 후춧가루로 고루 무쳐낸다.\n5. 기름을 걷어낸 국물에 양념한 갈비와 무를 넣고 국간장으로 부족한 간을 한 다음 한소끔 더 끓여 낸다.\n6. 그릇에 낼 때는 계란 지단을 곁들인다.',175,'갈비탕',NULL,'갈비탕으로 속을 달래보세요. 든든해집니다!',_binary '\0','85'),(2799,NULL,NULL,'1. 부추는 잎이 짧고 통통한 것으로 골라 가지런히 다듬어 흐르는 물에 씻은 후, 물기를 빼고 반으로 자른다.\n2. 멸치젓에 1/2컵의 물을 부어 끓인 후 고운체에 걸러 맑은 젓국을 만든다.\n3. 마늘과 생강은 곱게 다지고 홍고추는 가늘게 채썬다.\n4. 부추를 그릇에 펴 담고, 멸치젓을 고루 뿌려 절인다.\n5. 부추가 절여지면 멸치젓국을 따라내고, 고춧가루와 마늘, 생강, 홍고추, 설탕을 섞어 양념을 만들어 부추를 버무린다.\n6. 부족한 간은 소금으로 한 후 완성한다.',20,'부추김치',NULL,'부추는 향도 좋고 맛도 달아, 김치로 담그면 맛있습니다.',_binary '\0','86'),(2800,NULL,NULL,'1. 실파는 뿌리를 잘라내고 다듬어 물기를 뺀다.\n2. 넓은 그릇에 실파를 고르게 펴고 까나리액젓을 뿌려 절인다.\n3. 고춧가루에 약간의 물을 부어 불린 후 다진 마늘, 다진 생강, 설탕, 소금, 깨소금을 넣어 고루 섞어 양념장을 만든다.\n4. 절인 실파에 양념장을 넣어 고루 버무린다.\n5. 버무린 실파는 다섯 뿌리씩 모아 잡고 한 데 묶어 항아리에 담는다.',30,'파김치',NULL,'파김치는 익으면 젖갈과 맛이 잘 어울려 든든한 밑반찬이 된답니다.',_binary '\0','87'),(2801,NULL,NULL,'1. 배추는 2~4등분하여 소금물에 절인 후 물로 헹구어 물기를 뺀다.\n2. 무는 다듬어 0.3cm 굵기로 채썬다. 밤과 배는 손질하여 가늘게 채썰고 대추는 잘 닦아 씨를 뺀 후 채썬다.\n3. 표고버섯은 물에 불린 후 기둥을 떼고 채썬다. 생강은 손질하여 채썰고 미나리는 3cm로 자르고 대파는 흰 부분만 3cm 길이로 잘라 채썬다.\n4. 무, 밤, 미나리, 대파와 다진 마늘, 생강을 섞고 실고추를 넣어 버무린 후 대추, 표고버섯, 잣, 채썬 석이버섯을 넣고 소금으로 간한다.\n5. 절인 배추에 준비한 소를 배춧잎 사이 사이에 넣고 겉에 있는 큰 잎으로 흐트러지지 않게 잘 싸서 항아리에 눌러 담는다.\n6. 껍질을 벗긴 배 2개를 강판에 갈아 즙을 낸 뒤 소금물과 함께 섞어 항아리에 붓는다.',60,'백김치',NULL,'백김치를 담궈 시원한 김치를 맛보세요! 고춧가루를 넣은 김치와는 또다른 시원한 맛이랍니다.',_binary '\0','88'),(2802,NULL,NULL,'1. 깻잎은 싱싱한 것으로 골라 씻어낸 후 물기를 완전히 뺀다.\n2. 파는 잘게 썰고 마늘과 생강은 곱게 다진다.\n3. 진간장에 ②와 고춧가루를 넣어 양념장을 만든다.\n4. 깻잎을 한 장씩 펴서 양념장을 바른다.\n5. 준비한 항아리에 깻잎을 차곡차곡 담고 누르개로 누른 후 남은 양념장을 붓는다.\n6. 2~3일 후에 진간장만 따라내어 팔팔 끓인 다음 식혀 항아리에 다시 붓는다. 약 1주일이 지나면 깻잎이 누렇게 익는다.',30,'깻잎장아찌',NULL,'？잎장아찌는 만들기도 쉬우며, 입맛없을 때 먹기 좋은 밑반찬입니다.',_binary '\0','89'),(2803,NULL,NULL,'1. 오이는 잘고 연한 재래종으로 준비하여 씻은 후, 물기를 뺀다.\n2. 소금물을 팔팔 끓여 놓은 후 식혀 놓는다. 오이에 식힌 소금물을 붓고 무거운 돌로 눌러 놓는다.\n3. 1주일 정도 지나면 소금물을 따라내어 다시 한 번 끓여 식힌 다음 오이에 붓는다.\n4. 2주일 정도 지나면 절여진 오이를 꺼내어 소쿠리에 넣어 말린 다음 고추장에 버무려 항아리에 담아 5~6개월 정도 익힌다.\n5. 먹을 때마다 조금씩 꺼내어 고추장을 훑어내고 송송 썬다.\n6. 다진 마늘과 고춧가루, 참기름, 설탕을 함께 섞어 양념을 만든다.',20,'오이지장아찌무침',NULL,'아삭하게 씹히는 오이로 맛있는 오이장아찌 한번 만들어보세요.',_binary '\0','90'),(2804,NULL,NULL,'1. 콩은 주로 검은 것으로 하나, 얼룩이 있는 밤콩이나 푸른콩을 사용해도 된다. 콩은 물에 담가 충분히 불린다.\n2. 냄비에 불린 콩을 넣고 간장과 물 1컵을 부어 중간 불에서 조린다.\n3. 조리면서 고루 익도록 자주 뒤적여준다.\n4. 콩이 익어 쪼글쪼글해지고 국물이 졸아들면 불을 줄이고 설탕을 넣고 잘 섞어준다.\n5. 약한 불에서 계속 조려 국물이 거의 졸아들고 콩에윤기가 돌면 불에서 내려 참기름, 깨소금을 뿌려 낸다.',20,'콩자반',NULL,'한 번 먹으면 고소한 맛과 톡톡터지는 씹는 맛이 입 안을 즐겁게 해준답니다.',_binary '\0','91'),(2805,NULL,NULL,'1. 쇠고기는 큼직하게 토막 낸 후 기름기와 힘줄을 없앤다.\n2. 마늘은 통으로 준비하고 생강은 얇게 저민다. 홍는 어슷하게 썰어 씨를 털어낸다.\n3. 계란은 삶아 찬물에 담갔다가 껍질을 벗긴다. 당근은 손질하여 도톰하게 반달모양으로 썰어낸다.\n4. 냄비에 쇠고기와 마늘, 생강을 넣고 잠길 정도로 물을 부어 끓이다가 불을 줄여 익힌다.\n5. 국물의 1/3쯤 졸면 진간장과 설탕을 넣고 약한 불에서 계속 졸이다가 조림간장이 반으로 줄면 준비한 계란, 당근, 홍고추를 넣는다.\n6. 계란은 주걱으로 굴려가며 간이 고루 배게 한다. 상에 낼 때는 깨소금을 뿌린다.',30,'쇠고기장조림',NULL,'장조림 하나면 간단하게 식사 준비 할 수 있지요.',_binary '\0','92'),(2806,NULL,NULL,'1. 연근은 씻어 위 아래는 잘라내고 껍질을 두껍게 벗겨내 5cm 두께로 통썰기한다.\n2. 그릇에 진간장, 설탕, 청주와 물 5큰술을 넣고 잘 섞어 조림장을 만든다.\n3. 프라이팬에 기름을 두르고 연근을 살짝 볶는다.\n4. 볶은 연근에 조림장을 붓고 뚜껑을 덮어 약한 불에서 은근하게 조려낸다.\n5. 연근이 윤기나게 조려지면 불에서 내리고 통깨를 뿌려 마무리한다.',30,'연근조림',NULL,'연근이 아삭하게 씹혀요! 만들기도 아주 쉽지요~',_binary '\0','93'),(2807,NULL,NULL,'1. 실파는 깨끗이 손질한 후 가지런히 모아잡고 길이로 반을 자른다. 뿌리는 칼등으로 두드린다.\n2. 굴과 홍합, 조갯살은 연한 소금물에 씻어 물기를 뺀 후 굵게 다진다.\n3. 멥쌀은 불려서 물1컵을 붓고 곱게 갈아 밀가루와 물1컵을 부어 훌훌하게 반죽하고 소금으로 간한다.\n4. 실파는 한줌씩 쥐어 반죽에 담갔다가 기름두른 팬에 가지런히 놓는다.\n5. 그 위에 해물을 펴서 고루 얹는다.\n6. 밑이 노릇하게 되면 푼 달걀을 위에 끼얹은 후 뒤집는다.',40,'해물파전',NULL,'각종 해산물이 들어간 해물파전! 바다향과 고소한 향이 그대로~',_binary '\0','94'),(2808,NULL,NULL,'1. 오이는 가는 것으로 골라 소금으로 문질러 씻고 0.3cm 두께로 얄팍하게 썬다.\n2. 파와 마늘은 곱게 다지고 실고추는 3cm 길이로 짧게 끊어놓는다.\n3. 오이는 소금 2작은술로 절였다가 물에 살짝 헹구어 꼭 짠다.\n4. 팬을 달구어 참기름을 두르고 절인 오이를 넣어 볶아 낸다.\n5. 기름이 돌면 다진 파, 마늘, 깨소금, 실고추를 넣고 잠깐 볶아서 넓은 그릇에 펼쳐 식힌다.',15,'오이나물',NULL,'오이를 볶으면 아삭하면서도 고소한 맛이 나서 생채와는 또 다른 맛을 느낄수 있답니다.',_binary '\0','95'),(2809,NULL,NULL,'1. 냉이는 소금을 넣은 끓는 물에 살짝 데친 후 마늘 3쪽 다진 것과 된장을 넣어 손으로 무쳐 낸다.\n2. 모시조개는 하룻밤정도 물에 담가두어 해감을 토하게 한다.\n3. 냄비에 물 10컵과 모시조개를 넣고 끓이다가 모시조개의 입이 벌어지면 건져내고 국물을 거즈에 걸러 냄비에 담고 된장에 무친 냉이를 넣고 푹 끓인다.\n4. 찌개가 끓기 시작하면 파와 마늘을 어슷하게 썰어 넣고 간을 맞춘 뒤 마지막으로 모시조개를 넣는다.',30,'냉이된장찌개',NULL,'모시조개로 시원한 국물맛을 내고, 냉이로 향긋한 내음이 나는 냉이조갯국 만들어 보세요~',_binary '\0','96'),(2810,NULL,NULL,'1. 계란을 그릇에 깨뜨려 넣고, 분량의 소금과 후추를 넣어 젓가락으로 섞는다.\n2. 물 1컵과 다시마 끓인 국물을 걸러내고 차게 식힌다. ①의 계란에 붓고 거품기로 고루 섞는다. 다진 파와 다진 마늘을 넣고 더 섞는다.\n3. 사각 팬에 기름을 두르고 달구어지면 계란물을 2/3정도 붓고 젓가락으로 저어 꾸덕꾸덕해지면 도톰하게 만든다.\n4. 다시 팬에 기름을 두르고 나머지 계란물을 부어 완전히 익기 직전에 접는다.\n5. 김발에 싸서 두었다가 완전히 식으면 도톰하게 썬다.',30,'계란말이',NULL,'도시락 반찬의 단골메뉴이자 훌륭한 안주인 계란말이입니다.',_binary '\0','97'),(2811,NULL,NULL,'1. 닭은 먹기 좋게 토막 내어 진간장, 다진 마늘, 후춧가루로 밑간을 해 놓는다.\n2. 간이 밴 닭고기에 녹말가루를 묻혀 180°C 의 기름에 노릇하게 튀겨 낸다.\n3. 냄비에 분량의 양념 재료를 넣고 물 2큰술을 부어 끓이다가 튀긴 닭을 넣고 윤기 나게 바짝 조린다. 도중에 조림장을 끼얹어 속까지 간이 배게 한다.\n4. 닭강정을 접시에 담고 통깨를 뿌린다.',40,'닭강정',NULL,'양념치킨보다 달콤하고 바삭한 닭강정. 손이 절로 가지요.',_binary '\0','98'),(2812,NULL,NULL,'1. 배추는 한 잎 씩 떼어 씻은 다음 소금 5 큰술을 고루 뿌려 절여놓는다.\n2. 새우젓은 건더기만 곱게 다진다.\n3. 절인 배추는 찬물에 헹구었다가 소쿠리에 건져 물기를 뺀 다음 손으로 쭉쭉 찢는다.\n4. 다진 파와 마늘, 생강, 고춧가루, 진간장, 새우젓, 설탕, 참기름을 섞어 양념을 만든다.\n5. 찢은 배추를 양념으로 버무린다. 상에 낼 때 통깨로 마무리한다.',30,'배추겉절이',NULL,'간단하면서도 입맛을 돋우는 반찬으로는 배추 겉절이가 최고지요!',_binary '\0','99'),(2813,NULL,NULL,'1. 더덕은 껍질을 벗긴 뒤 적당한 길이로 쪼개어 밀대나 칼등으로 두드린다.\n2. 다듬은 더덕은 물에 담가 아린맛을 뺀 후 건져서 물기를 닦아내고 참기름과 간장을 넣어 주무른다.\n3. 고추장 2큰술에 양념재료를 모두 넣고 고루 섞어 놓는다.\n4. 달군 석쇠에 ②의 더덕을 가지런히 올리고 타지 않게 살짝 구워낸다.\n5. 양념장을 발라 다시 한번 구워낸다.',35,'더덕구이',NULL,'더덕을 양념해 구우면 향이 솔솔~ 입안이 즐거운 식사가 되지요.',_binary '\0','100'),(2814,NULL,NULL,'1. 감자는 껍질을 벗겨 한 입 크기로 토막낸다.\n2. 토막낸 감자는 모서리를 다듬은 후 찬물에 담가 끈끈한 성분이 없어지면 물기를 닦는다.\n3. 멸치는 조림용으로 준비해 머리와 지저분한 것을 떼어낸다.\n4. 냄비에 기름을 둘러 감자를 볶다가 물을 자작하게 붓고 분량의 진간장과 물엿, 청주를 넣어 끓인다.\n5. 조림장이 어느 정도 졸아들면 멸치를 넣고 간이 배게 더 조린다.\n6. 조림재료에 윤기가 돌면 깨소금을 넣어 살짝 버무린다.',40,'감자조림',NULL,'감자는 간장에 조리면 유난히 더 달고 맛있는것 같아요~~',_binary '\0','101'),(2815,NULL,NULL,'1. 마른 오징어는 물에 불려 깨끗이 씻은 다음 껍질을 벗긴다.\n2. 껍질 벗긴 오징어는 길이로 반 갈라 1cm 폭으로 썬다.\n3. 오징어를 냄비에 넣고 참기름과 물을 부어 천천히 조린다.\n4. 국물이 1/3 정도로 졸아들면 진간장, 설탕을 넣고 다진 파와 다진 마늘을 넣는다.\n5. 약한 불에서 은근히 조리다가 국물이 거의 졸면 꼭지 딴 청고추를 넣고 살짝 버무린다.\n6. 윤기나게 조려지면 깨소금과 후춧가루를 뿌려 마무리한다.',30,'마른오징어조림',NULL,'마른 오징어를 맛있는 양념장에 버무리면 쫄깃함과 양념의 맛이 씹어도 씹어도 질리지 않아요~',_binary '\0','102'),(2816,NULL,NULL,'1. 죽순은 삶아서 딱딱한 바깥쪽을 벗겨 내고 4cm 크기로 썬다.\n2. 쇠고기는 채썰어 술, 간장 1/2 작은술을 뿌려 간한다.\n3. 고기에 간이 배면 녹말가루를 뿌려 버무린 뒤 달군 냄비에 넣고 살짝 볶는다.\n4. 고기를 꺼내고 죽순, 데친 마늘종을 볶다가 양념한다.\n5. 맛이 배면 고기를 다시 넣고 볶다가 참기름을 넣고 고루 뒤적인 다음 불을 끈다',20,'죽순볶음',NULL,'쇠고기와 죽순은 궁합이 잘 맞는 음식이지요. 향이 좋은 죽순을 볶아 드셔보세요.',_binary '\0','103'),(2817,NULL,NULL,'1. 애호박은 두께가 고른 것으로 골라 깨끗이 씻은 다음 0.5cm 두께로 통썬다.\n2. 호박에 소금을 뿌려 살짝 절였다가 거즈로 물기를 닦아낸다.\n3. 계란은 풀어 소금으로 간을 해 놓는다.\n4. 준비한 호박의 앞뒤로 밀가루를 고루 묻힌 다음 계란물에 적신다.\n5. 달구어진 프라이팬에 기름을 둘러 중간불에서 노릇하게 지진다.\n6. 분량의 양념 재료를 섞어 양념장을 만들어 곁들인다.',30,'호박전',NULL,'젊어서도 늙어서도 맛있는 호박! 애호박으로 고소한 전을 부쳐보아요~',_binary '\0','104'),(2818,NULL,NULL,'1. 돼지고기는 한 입 크기로 썰어 간장과 설탕으로 밑간한다.\n2. 표고버섯과 피망, 당근도 고기와 같은 크기로 썬다.\n3. 분량의 간장, 설탕, 식초, 물은 한 볼에 섞어 준비해둔다.\n4. ①에 계란흰자를 넣고 버무린 뒤 녹말가루를 묻혀 바삭하게 튀긴다.\n5. 프라이팬에 준비한 야채를 넣고 볶다가 섞어둔 소스 재료를 넣고 끓여 걸쭉해지면 튀긴 돼지고기를 넣고 맛이 고루 배도록 버무려 낸다.',30,'탕수육',NULL,'가장 보편적인 요리방법으로 만든 탕수육입니다..달콤 새콤한 소스에 찍어먹는 고기튀김의 맛은..정말 언제나 맛있죠~',_binary '\0','105'),(2819,NULL,NULL,'1. 메주콩은 5배의 물을 붓고 반나절 정도 담가 불린다.\n2. 콩이 완전히 불면 냄비에 ①을 넣고 물을 콩 위로 1cm 정도 올라오게 부어 삶는다.\n3. ②가 한번 우르르 끓으면 불을 끄고 뜸을 들인다. (콩을 오래 삶으면 냄새가 나므로 살짝 삶는 것이 포인트!)\n4. 체로 콩을 건진 후 찬물을 부어 양손으로 비벼가며 껍질을 벗기고 콩만 건진다.\n5. 믹서에 삶은 콩, 통깨, 잣을 넣고 생수를 부어 곱게 간 뒤, 체에 밭쳐 건더기는 걸러내고 국물만 받아 냉장고에 차게 둔다.\n6. 볼에 계란과 소금을 적당량 넣고 잘 풀어준 뒤 체에 한번 걸러준다.',30,'콩국계란찜',NULL,'콩국물 베이스가 들어간 고소한 계란찜 한번 드셔보세요~ 영양도 듬뿍, 건강에도 OK!!',_binary '\0','106'),(2820,NULL,NULL,'1. 쇠고기는 연한 부위로 준비해 0.5cm 두께로 도톰하게 저며 앞 뒤로 잔칼집을 넣는다.\n2. 진간장에 배즙을 넣고 나머지 양념 재료를 모두 합해 양념장을 만든다.\n3. 고기를 굽기 30분전에 ②의 양념장을 고루 묻혀 간이 배게 한다.\n4. 뜨겁게 달군 석쇠에 올려 앞뒤로 익힌다.',20,'불고기',NULL,'배에 재워 더 달콤하고 부드러운 불고기~ 오늘 저녁 어떠세요?',_binary '\0','107'),(2821,NULL,NULL,'1. 부추는 싱싱한 것으로 골라 흐르는 물에 씻어 4cm 길이로 자른다.\n2. 고추는 송송 썰어 씨를 털어낸다.\n3. 그릇에 밀가루를 담고 소금으로 간을 한 뒤 계란과 물을 부어 멍울이 없도록 잘 풀어주고, 썰어 놓은 부추를 넣어 반죽을 한다.\n4. 달군 프라이팬에 기름을 두르고 ③의 반죽을 한 국자씩 얹고 위에 청고추와 홍고추를 얹어 지진다.\n5. 한 면이 노릇하게 익으면 뒤집어 마저 익힌 다음 먹기 좋은 크기로 썰어 낸다.',30,'부추전',NULL,'피를 맑게 해준다는 부추! 부추를 밀가루 반죽과 함께 섞어 노릇하고 바삭하게 구워낸 전요리랍니다.',_binary '\0','108'),(2822,NULL,NULL,'1. 돼지갈비는 먹기 좋게 토막 내 기름을 떼어내고 병풍모양으로 포를 떠서 잔칼집을 넣는다.\n2. 손질한 갈비에 생강즙과 술을 뿌려 놓는다.\n3. 진간장 5큰술에 나머지 양념 재료를 합해 양념장을 만든다.\n4. ②의 고기에 ③의 양념장을 넣고 버무려 재워둔다.\n5. 간이 충분히 배면 팬에 기름을 두르고 지지거나 석쇠에 얹어 속까지 잘 익도록 굽는다.\n6. 구운 돼지갈비와 깨소금, 상추, 깻잎을 함께 곁들여 낸다.',50,'돼지갈비구이',NULL,'돼지갈비를 양념에 잘 재워 채소에 싸 드셔보세요. 입안 가득 넣어도 계속 계속 들어갈거에요.',_binary '\0','109'),(2823,NULL,NULL,'1. 불린 쌀에 물을 붓고 다시마를 얹어 고슬고슬하게 밥을 짓는다.\n2. 밥이 다 되면 다시마를 꺼내고 촛물과 섞어 비빈다.\n3. 참치는 너비 3cm 정도로 썰고 오징어는 참치와 같은 크기로 썬다.\n4. 문어는 데쳐서 0.5cm 두께로 썰고 새우는 데쳐 몸통 가운데에 칼집을 넣어 넓적하게 편다.\n5. 초밥을 뭉쳐 고추냉이를 바르고 준비한 생선을 붙여서 낸다.',50,'모듬초밥',NULL,'여러가지 해산물을 이용해 초밥을 만들어보세요. 입도 눈도 즐겁운 식사게 될거에요~',_binary '\0','110'),(2824,NULL,NULL,'1. 꽁치통조림을 체에 쏟아 국물은 따로 받아놓는다.\n2. 무는 3cm 길이로 토막낸 후 반으로 갈라 도톰하게 썬다.\n3. ①의 꽁치국물에 양념을 분량대로 섞어 양념장을 만든다.\n4. 깊이가 얕은 냄비에 무를 깔고 꽁치를 가지런히 놓은 다음 양념장을 고루 끼얹어 불에 올린다.\n5. 뚜껑을 열어 놓은 채로 가끔 조림국물을 끼얹으면서 무가 무르게 익을 때까지 조린다.',25,'꽁치무조림',NULL,'통조림으로 간단하고 맛있게 요리하는 법! 통조림은 무조건 맛없다는 고정관념을 깨드리는 요리가 있어요~',_binary '\0','111'),(2825,NULL,NULL,'1. 김치는 소를 털어내고 줄기만 길이 8cm, 너비 2cm로 썰어 참기름을 고루 묻힌다.\n2. 쇠고기는 도톰하게 포를 떠 잔칼질하여 김치보다 약간 길게 썬다.\n3. 표고버섯은 1cm 폭으로 썰고 도라지는 삶아서 반으로 갈라 참기름과 소금으로 무친다.\n4. 준비된 재료를 꼬치에 꽂아 밀가루를 묻힌 후 계란물을 묻혀 기름에 지진다.',25,'김치적',NULL,'김치의 아삭함과 개운함을 산적에서 느끼는 새로움~ 산적의 맛이 새로워집니다',_binary '\0','112'),(2826,NULL,NULL,'1. 낙지는 소금으로 문질러 씻은 후 끓는 물에 살짝 데친다.\n2. 양파와 고추는 굵게 채썰고 대파는 4cm 길이로 썬다.\n3. 분량의 양념 재료를 섞어 양념장을 만든다.\n4. 데친 낙지에 ③을 넣고 고루 섞어 버무린다.\n5. 달군 프라이팬에 야채와 낙지를 넣고 센불에서 재빨리 볶는다.\n6. 마지막으로 참기름과 깨소금을 뿌려 마무리한다.',30,'낙지볶음',NULL,'톡 쏘는 매콤한 양념에 쫄깃한 낙지를 살짝만 볶아보세요~ 술안주로도, 밥반찬으로도, 이보다 좋은 것이 없답니다!',_binary '\0','113'),(2827,NULL,NULL,'1. 두부는 팔팔 끓는물에 소금을 약간 넣고 속까지 따뜻하게 익도록 데쳐낸다.\n2. 배추김치는 소를 대강 털고 1cm 폭으로 송송 썬 다음 다진 마늘과 참기름으로 무쳐놓는다.\n3. 양념한 김치를 팬에 넣고 숨이 죽도록 볶는다.\n4. 찬물에 담가둔 깻잎은 담궈 곱게 채를 썬다.\n5. 두부를 먹기 좋게 썬 다음 깻잎과 볶은 김치를 접시에 담아 낸다.',20,'두부김치',NULL,'맛있게 익은 김치에 참기름, 깨소금 양념해서 따뜻한 두부와 함께 먹으면 담백하고 시원한 맛이 일품이죠.',_binary '\0','114'),(2828,NULL,NULL,'1. 계란은 1인분에 2개씩해서 1인분씩 만든다. 계란을 잘 풀어서 소금 1/6작은술과 후춧가루를 잘 섞은 후 우유 1큰술을 넣고 잘 섞어준다.\n2. 달군 팬에 식용유를 두르고 ①을 한번에 부어 젓가락으로 재빨리 휘저으면서 넓게 부친다. 안쪽은 반숙상태가 되도록한다.\n3. 반숙이 되면 불을 약하게 하고 뒤집개로 계란을 먼 쪽에서 가까운 쪽으로 겹치며 모양을 만든다. 이때 버터 1/2큰술을 넣고 반달모양에서 배모양으로 만들고 뒤집어서 노릇하게 부쳐낸다. 기호에 따라 토마토케첩을 살짝 뿌린다.',20,'오믈렛',NULL,'이쁜 오믈렛속에 숨겨진 밥을 떠먹는 재미! 한번 느껴보세요',_binary '\0','115'),(2829,NULL,NULL,'1. 양배추는 밑동을 도려내고 끓는 물을 부어 살짝 데친다. 데치는 동안 한번 뒤집어주고 끓으면 뒤집어서 건져낸다.\n2. 양배추를 찬물에 헹구고 잎 4장을 잘 벗겨낸다.\n3. 다진고기에 계란, 후춧가루, 넛맥,빵가루를 섞고 곱게 다진 양파와 당근을 넣어 섞는다. 끈기가 나도록 잘 이겨 4등분한다.\n4. 양배추잎은 심결대로 펴고 소를 뭉쳐 앞쪽에 둔다. 돌돌 말아 소를 싸고 이쑤시개로 꽂아 고정시켜 놓는다.\n5. 냄비에 양배추말이를 넣고 수프를 가득부어 소근, 후추, 간장을 약간씩 넣고 냄비보다 작은 기름종이를 얹은 다음 뚜껑을 닫아 중불에서 약불로 조절해가며 20분정도 끓인다.\n6. 다 익으면 건져내 이쑤시개를 빼고 2등분하여 접시에 담아낸다.',60,'롤케비지(양배추말이)',NULL,'고기로 속을 만들어 양배추로 돌돌 말아 찌면 양배추의 색다른 변신에 놀라실거에요.',_binary '\0','116'),(2830,NULL,NULL,'1. 두부는 6등분하여 끓는 물에 살짝 데친 뒤 물기를 제거하여 냉장고에 넣어 차게 식힌다.\n2. 미역은 충분히 불려 다져 놓는다.\n3. 양파는 곱게 다져서 물에 씻어 매운기를 뺀뒤 물기를 꼭 짠다.\n4. 홍고추는 곱게 다지고 분량의 양념 재료를 섞어 소스를 만들어둔다.\n5. 차게 해놓은 두부는 접시에 보기좋게 담는다.\n6. 두부 위에 다진 미역을 얹고, 그 위에 다진 양파와 홍고추를 얹고 소스를 끼얹어 낸다.',30,'두부미역냉채',NULL,'두부의 고소함과 미역의 씹는 맛이 어우러져 상큼 개운한 냉채~~!! 다이어트식으로 그만이지요!!',_binary '\0','117'),(2831,NULL,NULL,'1. 계란은 풀어서 소금으로 간을 맞춘다.\n2. 돼지고기와 당근, 양파는 0.7cm 크기로 썬다.\n3. 말린 표고 버섯은 미지근한 물에 불려 기둥을 떼어내고 0.7cm 크기로 썬다.\n4. 대파는 굵게 다진다.\n5. 식용유를 넉넉히 두른 프라이팬에 계란을 넣어 젓가락으로 휘저어 익힌 뒤 꺼낸다.\n6. 식용유를 두른 프라이팬에 돼지고기를 넣어 볶다가 당근, 양파, 표고버섯을 넣어 볶는다.',30,'중국식볶음밥',NULL,'중국요리는 센불이 가장 중요해요. 팬을 뜨겁게 달궈서 재빨리 볶아 주세요.',_binary '\0','118'),(2832,NULL,NULL,'1. 배추김치는 속을 털어 1cm 폭으로 송송 썰고 표고버섯은 미지근한 물에 불린 후 가늘게 채썬다.\n2. 콩나물은 깨끗이 씻어 건지고, 당근은 껍질을 벗겨 가늘게 채썰고 대파, 홍고추, 청고추는 어슷썬다.\n3. 햄은 5cm 길이로 가늘게 채썰고, 게맛살은 5cm 길이로 잘라 손으로 가늘게 찢는다.\n4. 끓는 물에 라면과 당근, 콩나물을 넣고 뚜껑을 덮어 끓이다 한소끔 끓으면 라면수프와 고춧가루를 풀고 햄, 게맛살, 파, 고추, 다진 마늘을 넣고 뜸들인다.\n5. 재료가 다 익으면 그릇에 담아 낸다.',30,'해장라면',NULL,'라면에 여러가지 야채를 넣어 만든 시원하고 푸짐한 메뉴입니다. 술 마신 다음날 스피드하게 먹으면 너무 좋아요~',_binary '\0','119'),(2833,NULL,NULL,'1. 계란은 소금으로 간하여 지름 12cm 정도로 얇게 지단을 부친다.\n2. 미나리는 살짝 데쳐서 물기를 꼭 짜고 치커리는 4cm 길이로 썰어둔다.\n3. 새우는 껍질과 내장을 제거한 뒤 끓는 물에 데치고, 맛살은 5cm 길이로 잘라 잘게 찢어 물에 담갔다 건져 물기를 제거한다.\n4. 국수는 삶아서 헹군 뒤 사리를 지어 소쿠리에 밭쳐놓는다.\n5. 계란 지단을 펴서 치커리, 국수, 게맛살을 놓고 말아 미나리로 묶어주고 위에 새우를 얹는다.\n6. 분량의 양념 재료를 섞어 간장소스를 만들어 곁들여 낸다.',30,'국수계란말이',NULL,'국수를 계란에 담아 색다름을 더해보세요~',_binary '\0','120'),(2834,NULL,NULL,'1. 꽁치는 머리와 꼬리를 떼어내고 두 토막내어 내장을 뺀 뒤 소금을 뿌려놓는다.\n2. 실파는 송송 썬다.\n3. 조림장은 은근한 불에서 걸쭉하게 조린다.\n4. 꽁치는 물기를 빼고 석쇠나 그릴에서 앞뒤로 구운 뒤 조림장을 2~3회 발라가며 구워낸다.\n5. 그릇에 담고 실파를 얹는다.',40,'꽁치간장구이',NULL,'꽁치는 구이나 조림으로만 생각하셨죠? 간장양념을 발라가며 정성스럽게 구워보세요. 정말 맛있답니다~',_binary '\0','121'),(2835,NULL,NULL,'1. 감자는 0.3cm 두께로 채썰어 물에 담갔다 건져서 물기를 뺀다.\n2. 청고추, 홍고추는 반으로 갈라 씨를 빼고 4cm 길이로 채썬다.\n3. 프라이팬에 식용유를 두르고 채 썬 감자를 볶는다. 볶을때 소금, 흰후춧가루, 설탕 약간씩을 넣고 달달 볶는다.\n4. ③번 감자가 다 볶아지면 ②번 고추를 넣고 한번 섞어준 다음 바로 불을 끈다.',30,'감자고추채볶음',NULL,'감자를 채썰어 노랗게 볶은다음 색깔이 이쁜 홍고추등을 넣어 볶아주면 아주 예쁘고 맛있는 볶음요리가 되지요~',_binary '\0','122'),(2836,NULL,NULL,'1. 가는 파는 다듬어 씻은 뒤 4cm 길이로 썰고 양파는 채썬다.\n2. 돼지고기는 5cm 길이로 채썰어 청주와 간장에 버무린다.\n3. 굵은파는 굵게 다지고 마늘, 생강은 곱게 다진다.\n4. 식용유를 두른 프라이팬에 다진 굵은파, 다진 마늘, 생강을 볶은 뒤 간장을 넣는다.\n5. 돼지고기를 볶다가 양파를 넣는다.\n6. 가는파를 넣어 살짝 볶은 뒤 소금, 후춧가루, 참기름을 넣는다.',30,'가는파잡채',NULL,'가는파로 잡채 요리한번 해볼까요?',_binary '\0','123'),(2837,NULL,NULL,'1. 도토리묵과 청포묵, 오이, 게맛살을 사방 1.5cm 크기로 썬다.\n2. 분량의 양념장을 만든다.\n3. 준비한 재료를 그릇에 담고 양념장을 끼얹는다.',20,'묵과양념장',NULL,'담백한 도토리묵을 새콤한 양념장과 버무리면 그맛이 환상~ 많이 먹어도 살찌지 않아요!',_binary '\0','124'),(2838,NULL,NULL,'1. 고등어는 머리, 꼬리를 떼어내고 내장을 뺀 뒤 양쪽실을 떼어낸다. 한 입 크기로 썰어서 소금, 청주를 뿌리고 15분쯤 재워 놓는다.\n2. 마른 고추는 2등분하고 생강은 편으로 썬다.\n3. 고등어에 녹말가루를 묻혀 170℃의 식용유에서 노릇노릇하게 튀겨낸다.\n4. 냄비에 분량의 양념 재료를 넣고 약간 끈기있게 졸여서 소스를 만든다.\n5. 그릇에 고등어를 담고 소스를 끼얹는다.',30,'고등어살튀김과소스',NULL,'고등어를 녹말가루에 묻혀 바삭하게 튀겨 맛있는 소스와 곁들이면 정말 놀라운 맛이납니다.',_binary '\0','125'),(2839,NULL,NULL,'1. 가지는 옆으로 반 갈라 김이 오른 찜통이나 밥솥에 넣고 쪄낸 뒤 젓가락으로 찢는다.\n2. 마른 새우는 식용유를 두른 프라이팬에 바삭하게 볶는다.\n3. 분량의 양념장을 만든다.\n4. 가지에 양념장을 넣어 버무린 다음 볶아낸 새우와 함께 그릇에 담는다.',30,'가지와마른새우무침',NULL,'가지와 새우를 같이 볶은다음, 맛있는 양념을 하여 만들었지요. 도시락 반찬에 안성맞춤이랍니다.',_binary '\0','126'),(2840,NULL,NULL,'1. 냄비에 물, 다시마, 육수를 부어 놓는다.\n2. 부추는 깨끗이 다듬고 씻은 후 6cm 길이로 썰고, 팽이버섯은 밑동을 잘라내고 씻어낸 후 물기를 뺀다.\n3. 당근도 6cm 길이로 채썬다.\n4. 소스를 만든다. (분마기에 깨와 된장을 넣고 갈다가 설탕, 간장, 술을 조금씩 부어 가면서 갈아낸다.)\n5. 고기를 10~12cm 길이로 잘라 도마 위에 펴놓고, 준비한 채소를 조금씩 놓고 돌돌 말아낸다.\n6. 냄비에 담가놓았던 다시마가 불면 냄비를 불에 올려서 끓인다.',60,'채소말이샤브샤브',NULL,'담백하고 깊은 맛이나는 육수에 고기와 야채를 돌돌말아 살짝 익혀먹으면 입맛이 저절로 살아나요~',_binary '\0','127'),(2841,NULL,NULL,'1. 양파는 곱게 다져 물기를 빼준 후 달구어진 프라이팬에 기름을 두르고 갈색이 나도록 볶아둔다.\n2. 소갈비는 살을 발라 곱게 다져 분량의 양념 재료를 넣어 양념해 골고루 끈기가 나도록 치댄다.\n3. 살을 발라낸 갈비에 밀가루를 바르고 ②를 양면으로 도톰하게 바른다.\n4. 석쇠에 호일을 깔고 기름을 발라 고기를 얹은 후 뒤집어가며 구워낸다.',50,'떡갈비구이',NULL,'갈비 속에 떡이 들어있듯이 쫄깃쫄깃해서~ 떡갈비!',_binary '\0','128'),(2842,NULL,NULL,'1. 골뱅이는 체에 밭쳐 물기를 뺀 다음 먹기 좋게 반으로 썬다.\n2. 오이는 두께 0.5cm 통으로 썬다.\n3. 대파와 당근은 두께 0.2cm, 가로x세로 0.2cm X 4cm 로 썬다.\n4. 양파는 두께 0.5cm로 채썬다.\n5. 샐러리는 두께 0.2cm 통으로 썬다.\n6. 양념 재료를 섞어둔다.',30,'골뱅이무침',NULL,'간단하게 술상을 차릴때 새콤달콤한 골뱅이무침 하나면 OK!',_binary '\0','129'),(2843,NULL,NULL,'1. 두부는 가로 2cm, 세로 3cm, 두께 0.5cm로 썰어 소금을 뿌려 두었다가 물기를 없앤다.\n2. 양념재료를 섞어 양념장을 만든다.\n3. 식용유를 두른 프라이팬에 두부를 앞뒤로 노릇노릇하게 부쳐낸다.\n4. 양념장을 걸쭉하게 졸여서 지진 두부에 바른다.\n5. 다져놓은 홍고추와 통깨를 각각 얹는다.',20,'두부양념조림',NULL,'영양가 풍부한 두부에 간장소스를 곁들이세요. 두부요리는 남녀노소 좋아하는 메뉴입니다.',_binary '\0','130'),(2844,NULL,NULL,'1. 냉동 쇠고기(우둔살)를 얇게 채썬다.\n2. 양념 재료를 섞어 양념을 만들고, 그릇에 썰어놓은 쇠고기를 담고 양념을 뿌려 잘 버무린다.\n3. 접시에 상추를 깔고 양념한 쇠고기를 동그랗게 모양내어 담은 뒤 윗부분에 엄지손가락으로 오목하게 홈을 만든다.\n4. 홈에 날계란 노른자를 얹는다. 노른자 둘레에는 잣가루를 뿌리고 노른자 윗부분을 잣으로 장식한다.\n5. 배와 오이를 길이 5cm, 폭 4mm로 채썰어 양 끝을 가지런히 모아 칼로 정리한다.\n6. 배와 오이로 주변을 장식하여 마무리한다.',30,'육회',NULL,'싱싱한 육회는 회 못지않게 맛이 좋습니다.',_binary '\0','131'),(2845,NULL,NULL,'1. 스파게티는 끓는 물에 소금과 식용유를 약간씩 넣은 뒤 15분 쯤 삶아낸 후, 찬물에 헹궈 체에 밭쳐 놓는다.\n2. 햄과 베이컨은 길고 얇게 채썰어 놓고 양파는 잘게 다져 놓는다.\n3. 냄비에 버터를 넣고 중불에서 녹인 다음, 베이컨과 햄을 볶다가 다진 양파를 넣고 볶는다.\n4. ③에 바질을 넣고 살짝 볶다가 와인을 넣는다.\n5. ④에 생크림과 우유를 넣고 양이 반으로 졸면 담가놓은 스파게티 면의 물기를 뺀 뒤, 프라이팬에 크림과 함께 넣고 볶아 소금, 후추로 간을 한다.',40,'까르보나라스파게티',NULL,'깊고 진한 크림소스의 까르보나라 스파게티! 느끼하지 않고 부드럽습니다.',_binary '\0','132'),(2846,NULL,NULL,'1. 닭은 내장을 제거하여 깨끗이 씻고, 찹쌀은 씻어 1시간 정도 물에 불린 후 건진다.\n2. 대추는 돌려 깎아 씨를 빼고 수삼은 씻어 잔뿌리를 제거한다.\n3. 닭 속에 찹쌀, 마늘, 대추, 수삼을 넣는다.\n4. 왼쪽 다리 안쪽에 칼집을 넣어 그 사이에 오른쪽 다리를 넣어 꼬아준다.\n5. 생강은 얇게 편썰어 준비한 후 냄비에 닭과 대파, 생강, 물을 넣어 끓인다.\n6. 센불에서 끓인 후 불을 줄여 1시간 정도 푹 고아준다.',60,'삼계탕',NULL,'여름철 보양식의 대표음식 삼계탕! 시원한 국물과 쫄깃한 닭고기로 몸보신하세요~',_binary '\0','133'),(2847,NULL,NULL,'1. 다진 쇠고기는 분량의 양념을 한 뒤 프라이팬에 식용유를 두르고 볶아낸다.\n2. 토마토는 8등분하여 두고 당근과 피망을 잘게 다진다.\n3. 당근과 피망을 쇠고기와 함께 볶다가 밥을 넣고 볶으면서 소금과 후춧가루로 간을 한다.\n4. 하트모양 틀에 볶아낸 밥을 60g씩 떠서 채운 뒤 모양을 만들어 떼어낸다.\n5. 도시락 밑에 상추를 깔고 밥을 담아 사이사이에 토마토를 놓은 뒤 가운데에 파슬리를 올린다.',30,'주먹밥',NULL,'피크닉에 빠져서는 안될 단골메뉴! 주먹밥으로 가족들과 가벼운 피크닉을 즐겨보세요.',_binary '\0','134'),(2848,NULL,NULL,'1. 유부는 끓는 물에 살짝 데쳐낸 뒤 물기를 짜고 끝을 잘라서 주머니를 만든다.\n2. 맛살은 다져놓고, 실파는 줄기 10개는 따로 데쳐서 준비하고 나머지는 송송 썬다.\n3. 계란은 잘 풀어서 실파, 맛살을 넣고 소금, 후춧가루로 간을 맞춘다.\n4. 유부 속에 ③을 넣고 살짝 데친 실파로 묶는다.\n5. 내열 용기에 물, 간장, 설탕을 넣고 잘 섞어서 유부가 넘어지지 않게 놓은 뒤 랩을 씌워 전자레인지에서 3분 동안 익힌다.',20,'유부계란찜',NULL,'유부에 넣어 달걀찜을 하면 도시락 반찬으로 모양도 예쁘고 맛도 있는 센스만점 반찬이 된답니다~',_binary '\0','135'),(2849,NULL,NULL,'1. 감자는 깨끗이 씻어 껍질째 찜통에서 찐다.(전자레인지에서 익혀도 된다.)\n2. 후루츠칵테일은 체에 받쳐 물기를 없앤다.\n3. 익힌 감자를 반으로 잘라 바깥쪽에서 1cm 쯤을 남겨두고 속을 파낸다.\n4. 파낸 속을 모아서 뜨거울 때 버터, 우유, 설탕, 계핏가루, 다진 파슬리를 넣고 버무린다.\n5. ④를 다시 감자에 넣어 채운 다음 파슬리로 장식한다.\n6. 도시락에 치커리를 깔고 감자를 담고, 은박컵에 후루츠칵테일을 담아 케첩과 함께 넣는다.',20,'속채운감자',NULL,'찐 감자에 여러가지 재료를 넣어 속을 꽉 채운요리랍니다.',_binary '\0','136'),(2850,NULL,NULL,'1. 쇠고기는 곱게 다져 양념을 해 잘 버무려두었다 양념이 충분히 배어 들면 식빵 크기가 되도록 모양을 잡는다.\n2. 프라이팬이나 오븐에 ①의 쇠고기를 익힌다.\n3. 식빵은 노릇하게 굽고 토마토는 슬라이스해둔다.\n4. 양상추는 씻어 식빵 크기로 뜯어둔다.\n5. 버터, 겨자, 소금, 후춧가루를 넣어 겨자버터를 만들어서 구워둔 식빵의 한쪽면에 바른다.\n6. 식빵 위에 양상추 → 떡갈비(②) → 슬라이스치즈 → 토마토 슬라이스 → 피클을 순서대로 올린 후 겨자버터를 바른 식빵으로 덮는다.',30,'떡갈비샌드위치',NULL,'인스턴트 샌드위치는 비만의 원인이랍니다. 직접 만들어 맛과 영양이 우수한 샌드위치로 건강을 챙기세요.',_binary '\0','137'),(2851,NULL,NULL,'1. 쇠고기는 채썰어 분량의 양념에 재워둔다.\n2. 느타리와 표고버섯은 끓는 물에 데쳐 가늘게 찢고 양송이버섯은 껍질을 벗겨 얇게 썰고, 목이버섯은 물에 불려 씻은 후 먹기 좋게 뜯어 놓고 팽이버섯은 밑둥을 잘라낸다.\n3. 양파는 가늘게 채썰고 풋고추, 당근은 길이 4cm, 두께 0.3cm로 채썰고, 미나리는 다듬어 4cm 길이로 준비하고 쇠고기는 야채와 같은 크기로 채썰어 준비한다.\n4. 프라이팬에 식용유를 두르고 양파를 볶다가 투명해지면 고기를 넣어 볶아준다.\n5. 당근과 준비된 버섯을 넣고 간장, 설탕, 청주를 넣어 살짝 볶는다.\n6. ⑤에 육수와 녹말가루를 섞어 자작하게 붓고 미나리와 들깨가루를 넣은 후 참기름, 후춧가루로 마무리한다.',40,'버섯덮밥',NULL,'향긋한 버섯으로 만드는 간단하고 폼나는 요리! 간장소스가 맛을 더해준답니다~',_binary '\0','138'),(2852,NULL,NULL,'1. 닭고기는 기름기를 제거하고 소금과 요리술을 뿌려 두었다가 김 오른 찜통에 찐 뒤 식혀서 가늘게 찢어 놓는다.\n2. 오이는 소금에 문질러 씻어서 길이 4cm, 폭 1cm로 썰고, 배는 껍질을 벗겨 씨를 도려낸 다음 오이와 같은 크기로 썰어 설탕물에 담갔다가 건진다.\n3. 양상추는 손으로 뜯어서 물에 담그고 수삼은 칼등으로 긁어 잔털과 껍질을 벗긴 후 씨를 도려낸 다음 오이와 같은 크기로 썰어 설탕물에 담갔다가 건진다.\n4. 대추는 돌려 깎아 씨를 발라내어 3등분하고 밤은 얇게 저며 썰어서 찬물에 씻어 건진다.\n5. 분량의 재료를 섞어 머스터드 마요네즈를 만든다.\n6. 재료와 머스터드 마요네즈를 버무려 완성한다.',60,'닭고기수삼샐러드',NULL,'영양가 풍부한 닭고기와 수삼으로 고급스러운 샐러드를 만들어보세요. 즐거운 식사가 된답니다.',_binary '\0','139'),(2853,NULL,NULL,'1. 오징어는 다리를 잡아당겨 내장을 빼낸 뒤, 몸통 속에 손을 넣어 찌꺼기를 긁어낸다.\n2. 손에 소금을 묻혀서 껍질을 벗기고 깨끗이 씻은 뒤 끓는 물에 소금을 넣고 삶아 건져서 5cm 두께로 썬다.\n3. 새우는 꼬치로 등 쪽의 내장을 빼고 엷은 소금물로 씻은 뒤 끓는 물에 소금을 약간 넣고 삶아서 껍질을 벗긴다.\n4. 컬리플라워는 작게 송이를 떼어 엷은 소금물에 살짝 데친다.\n5. 접시에 컬리플라워와 오징어, 새우를 얹고 머스터드 마요네즈를 곁들인다.',30,'컬리플라워해물샐러드',NULL,'컬리플라워를 준비하고, 여러가지 해물도 준비해놓습니다. 머스터드 드레싱과 멋진 조화를 이룹니다.',_binary '\0','140'),(2854,NULL,NULL,'1. 사과는 깨끗이 씻어서 길이로 반을 자른 후 씨를 도려낸다. 길이 4cm, 너비 1cm로 썰어낸다.\n2. 자몽은 아래 위를 조금씩 잘라내고 껍질과 과육 사이사이에 칼집을 넣은 뒤 곡선을 따라 껍질을 벗겨서 한 쪽씩 뗀다.\n3. 샐러리는 섬유질을 벗기고 반 갈라서 길이 4cm 로 썰고, 오이는 씻어서 4cm 길이로 토막 내 썬 다음 길이로 4등분한다.\n4. 딸기는 흐르는 물에 씻은 후 4등분한다. 오렌지도 껍질을 제거해 과육을 분리해 놓는다.\n5. 접시에 과일과 오이, 샐러리를 담고 오렌지 마요네즈를 곁들인다.',20,'과일샐러드',NULL,'향긋한 과일향이 너무 좋아요. 만들기도 참 쉽습니다.',_binary '\0','141'),(2855,NULL,NULL,'1. 훈제연어를 얇게 포 뜨고, 앤다이브는 한 잎씩 떼어 씻은 후 물기를 뺀다.\n2. 트레비스는 손으로 뜯어서 찬물에 담갔다 건져 물기를 빼고, 양파는 얇게 링 모양으로 썰어서 찬물에 담가 매운맛을 없앤 뒤 건져서 물기를 뺀다.\n3. 다진 양파와 올리브오일을 섞어 드레싱을 만든다.\n4. 접시에 훈제연어와 앤다이브, 트레비스를 담고 양파를 얹은 뒤 케이퍼를 뿌리고 양파드레싱을 곁들인다.',10,'연어샐러드',NULL,'훈제연어에 양파와 케이퍼 얹어 드셔보세요. 짭짤하고 훈연한 향이 입맛을 자꾸 자극한답니다~',_binary '\0','142'),(2856,NULL,NULL,'1. 금치의 연한 잎으로 준비하여 깨끗이 씻어서 물기를 빼고, 양송이 버섯은 껍질을 벗겨서 얇게 저며썬다.\n2.  달군 팬에 베이컨을 구워 종이타월로 기름기를 닦아 내고 잘게 썬다.\n3. 시에 시금치 깔고 그위에 양송이버섯과 베이컨을 얹은 뒤 가루치즈를 뿌리고 레몬 드레싱을 곁들인다.',20,'시금치샐러드',NULL,'상큼한 시금치에 담백한 베이컨과 양송이와 가루치즈, 그리고 레몬드레싱.. 상큼함이 전해져요.',_binary '\0','143'),(2857,NULL,NULL,'1. 감자, 당근은 껍질을 벗겨서 큼직하게 썰어 모서리를 다듬은 뒤 물에 씻어 건진다.\n2. 양파는 껍질을 벗겨서 씻은 후 반 잘라 큼직하게 썬다.\n3. 샐러리는 섬유질을 벗기고 3cm 길이로 어슷하게 썬다.\n4. 양송이는 기둥 끝을 약간 잘라내고 껍질을 벗겨 길이로 반 가른다.\n5. 큼직하고 깊이가 있는 프라이팬에 버터를 두르고 감자, 당근, 양파를 넣고 볶다가 물을 부어서 끓인다. 끓기 시작하면 거품을 걷어내고 월계수잎을 넣은 후 감자가 반쯤 익을 때까지 끓인다.\n6.  감자가 반쯤 익으면 샐러리와 양송이버섯, 홀토마토를 넣고 끓인다. 중간중간 거품을 걷고 불을 줄여서 채소가 푹 무를 때가지 끓여 소금과 후춧가루로 간을 해서 수프 그릇에 담는다.',40,'채소수프',NULL,'다양한 야채로 만든 영양만점 수프랍니다~',_binary '\0','144'),(2858,NULL,NULL,'1. 햄은 0.5cm 두께로 썰어놓고 프랑크소시지는 반으로 가르고 베이컨은 4cm 길이로 썬다.\n2. 김치는 속을 털어낸 뒤 4cm 길이로 썰고 두부는 0.5cm 두께로 썬다. 청고추, 홍고추는 어슷썰고 깻잎은 1cm 길이로 썰고 스파게티면은 삶아놓는다.\n3. 분량의 양념 재료를 섞어 양념장을 만든다.\n4. 전골냄비에 재료를 보기 좋게 돌려 담은 뒤 양념장을 넣어 섞고 끓으면 스파게티면을 넣고 푹 끓여낸다.',40,'부대찌개',NULL,'햄과 갖은 재료로 푸짐한 부대찌개로 오늘 저녁상을 근사하게 차려보세요~',_binary '\0','145'),(2859,NULL,NULL,'1. 곱창 겉에 붙어 있는 기름을 떼어 낸 뒤 굵은 소금으로 세게 주무른 뒤 속을 훑어 내리며 물로 씻는다.\n2. 양은 굵은 소금과 밀가루로 문질러 씻은 뒤 끓는 물에 넣었다 꺼내어 검은 껍질과 안쪽의 얇은 막을 벗겨 낸다.\n3. 대파는 10cm 길이로 썰고 생강은 껍질을 벗긴 후 얇게 저민다. 냄비에 물을 넣고 양과 곱창을 끓이다가, 곱창과 양을 건져놓고 육수는 식혀 기름기를 걷어낸다.\n4. 당근, 양배추, 양파는 채썬다. 표고버섯은 미지근한 물에 불린 뒤 기둥을 떼어내고 채썬다.\n5. 미나리는 다듬어 4cm 길이로 썬다.\n6. 곱창과 양은 한 입 크기로 썰어 놓는다. 분량의 양념을 섞어 양념장을 만든다. 함께 버무려 전골냄비 가운데에 담고 썰어 놓은 야채를 돌려 담는다.',60,'곱창전골',NULL,'곱창으로 만든 얼큰한 전골요리로 가족들과 별식을 즐겨보세요~',_binary '\0','146'),(2860,NULL,NULL,'1. 아귀는 내장을 빼고 깨끗이 씻어 뼈째 토막 낸 뒤 가로 6cm, 세로 6cm 크기로 썰어 다시 씻는다.\n2. 미더덕은 소금물에 씻은 뒤 꼬치로 몸통을 찔러 물을 뺀다.\n3. 콩나물은 머리와 꼬리를 떼로 미나리는 5cm 길이로 썬다.\n4. 대파는 두께 0.4cm로 어슷하게 썰고, 깻잎은 두께 0.7cm로 채썬다.\n5. 찹쌀가루와 물을 섞어 따로 둔다.\n6. 분량의 양념장 재료를 섞어 양념장을 만든다.',60,'아귀찜',NULL,'부드러운 아구살과 양념장이 어우러져 매콤 개운한 요리입니다.',_binary '\0','147'),(2861,NULL,NULL,'1. 볼에 강력분을 넣고 드라이이스트, 계란, 설탕, 소금을 넣고 미지근한 물을 부어 반죽한다.\n2. 반죽이 어느 정도 뭉쳐졌으면 평평한 곳으로 옮겨 손바닥으로 힘주어 반죽한 다음 어느 정도 매끄러워지면 실온에 두었던 버터와 우유를 조금씩 넣어 가며 치댄다.\n3. 반죽이 얇게 펴질 정도까지 충분이 치댄 다음 검은 깨를 섞는다.\n4. 반죽을 둥글려 윗면을 매끄럽게 한 뒤 볼에 넣는다. 젖은 천을 덮은 후 따뜻한 곳에 두어 1시간 동안 1차 발효를 시킨다.\n5. 반죽을 꺼내어 두 덩이로 나누어 둥글린 다음, 이번에는 마른 천을 덮어 10분 정도 둔다.\n6. 반죽을 밀대로 펴서 22cm X 15cm 로 만든다.',140,'오렌지건포도빵',NULL,'오렌지와 건포도로 만든 색다른 빵이랍니다.',_binary '\0','148'),(2862,NULL,NULL,'1. 삼겹살은 8cm 길이로 썰어낸 뒤 칼등으로 자근자근 두드린다.\n2. ①에 소금, 생강즙, 후춧가루로 밑간을 하되 이때는 고기두께가 0.2cm 정도가 되게 한다. 고기두께가 얇으면 얇을수록 좋다.\n3. 붉은 고추는 반으로 갈라서 씨를 빼고 8cm 길이로 채썬다.\n4. 무순은 깨끗이 씻어 준비한다.\n5. 찹쌀가루를 체에 밭친 후, ②의 고기를 양면에 묻혀 낸다.\n6. ⑤에 붉은 고추와 무순을 넣고 돌돌 말아낸 다음 꼬치로 고정시킨다. 고기가 얇으면 꼬치가 없어도 된다.',30,'삼겹살채소말이',NULL,'누구나 좋아하는 삼겹살에 여러가지 야채를 돌돌 말아 드셔보세요.',_binary '\0','149'),(2863,NULL,NULL,'1. 배추는 속대로 준비하여 씻어서 칼로 길이로썬다. 무는 넙적넙적하게 썬다.\n2. 쇠고기는 채썰어 양념에 버무린다. 굵은파는 어슷썬다.\n3. 냄비에 식용유를 두르고 양념한 쇠고기를 넣어 볶는다.\n4. 물을 넣고 된장과 고추장을 체에 걸러 푼다. 국물이 끓으면 배추와 무를 넣고 푹 끓인다.\n5. 굵은 파를 넣고 마늘을 넣어 끓여 소금으로 간을 맞춘다.',30,'배추속댓국',NULL,'배추를 넣어 구수하고 시원한 배추속댓국으로 속풀이하세요~',_binary '\0','150'),(2864,NULL,NULL,'1. 멥쌀은 씻어서 충분히 불린 다음 물기를 빼고 소금을 넣어 반만 빻고, 나머지는 쑥을 넣어 곱게 빻는다.\n2. 대추는 물 10컵을 넣고 물이 없어질 때까지 끓인 뒤 체에 걸러 걸쭉한 대추고를 만든다.\n3. ①의 흰 멥쌀가루의 반은 뜨거운 물을 넣어 익반죽을 하고 나머지는 대추고를 넣어 반죽한다. 쑥을 넣은 멥쌀가루도 익반죽한다.\n4. 풋콩은 깨끗이 씻어 소금을 뿌리고 깨는 곱게 빻아 꿀을 넣어 버무린다.\n5. 녹두는 따뜻한 물에 불려 껍질을 벗긴 뒤 푹 쪄서소금을 넣고 믹서에 곱게 갈아 체에 내린다. 냄비에 녹두 고물과 설탕을 넣고 약한 불에서  볶은 뒤 계핏가루를 넣고 섞는다.\n6. 반죽을 조금씩 떼어 각각의 소를 넣고 빚어, 솔잎을 깔아 준비한 찜통에서 30분간 찐다. 쪄낸 송편을 찬물에 헹궈 참기름을 바른다.',60,'송편',NULL,'추석에 빠지지 않는 명절 제일음식~!! 바로 송편이죠..',_binary '\0','151'),(2865,NULL,NULL,'1. 녹두는 따뜻한 물에 충분히 불린 후 손으로 비벼 껍질을 벗기고 물기를 뺀 뒤 믹서에 물을 넣고 곱게 간다.\n2. 돼지고기는 다진다. 분량의 양념 재료를 섞어 양념을 만든 후 돼지고기를 넣어 양념한다.\n3. 느타리버섯은 끓는 물에 데쳐 물기를 짜서 손으로 찢어 두고, 석이버섯은 따뜻한 물에 불려 비벼 씻은 다음 곱게 채썬다. 대파는 어슷하게 썰어 낸다.\n4. 갈아놓은 녹두를 소금, 후춧가루로 간을 해서 프라이팬에 식용유를 넉넉히 두르고 한 숟가락씩 얹어 지진다.\n5. 느타리버섯을 전 가운데에 얹고 녹두반죽을 조금만 떠서 버섯 둘레에 얹고 돼지고기, 숙주, 석이버섯, 다진 파, 실고추를 전 위에 올린다.\n6. 전의 앞뒤를 노릇하게 지져낸다. 그릇에 담고 초간장을 곁들인다.',30,'빈대떡',NULL,'맛있고 즐거운 요리, 막걸리와의 궁합은 최고이지요.',_binary '\0','152'),(2866,NULL,NULL,'1. 쇠고기는 힘줄 없는 부위를 사용한다. 길이 6cm, 너비 1cm, 두께 0.4cm로 자른 다음, 칼집을 넣는다. 분량의 양념 재료로 양념장을 만들어 1/2 분량에 재웠다가 프라이팬에 익힌다.\n2. 마른 표고버섯은 따뜻한 물에 불린 뒤 기둥을 떼어낸다. 표고버섯, 도라지, 당근, 오이는 너비 1cm, 길이 5cm, 두께 0.4cm로 자른다.\n3. 표고버섯은 남은 양념장에 버무린다.\n4. 도라지는 소금에 비벼 씻은 다음 헹구어낸다.\n5. 프라이팬에 식용유를 두르고 표고버섯, 도라지, 당근, 오이를 각각 볶아내면서 소금과 참기름으로 간을 해준다.\n6. 산적꼬치에 준비된 재료를 색 맞추어 꽂은 다음 잣가루를 뿌려낸다.',30,'화양적',NULL,'여러가지 야채들을 색색별로 꼿은 화양적. 미각과 시각을 동시에 만족시키는 요리이죠.',_binary '\0','153'),(2867,NULL,NULL,'1. 토란은 껍질을 벗기고 큰 것은 2~4등분한다. 쌀뜨물에 소금을 약간 넣고 끓으면 토란을 넣고 살짝 삶아낸다.\n2. 쇠고기는 끓는 물에 덩어리째 넣고 삶다가 다시마, 무를 넣어 푹 끓인다.\n3. 어느정도 국물이 우러나면 건더기를 건지고 쇠고기, 무는 0.5cm 두께로 썰어 다진 마늘, 후춧가루, 참기름으로 양념한다.\n4. 사태국물을 다시 끓이다가 양념한 쇠고기와 무를 넣는다.\n5. ④에 토란, 다시마를 넣고 국간장으로 간을 맞춘 다음 한소끔 끓여 낸다.\n6. 마지막에 어슷 썬 파를 넣는다.',30,'토란곰탕',NULL,'추석에 꼭 빠지지 않는 명절요리랍니다.',_binary '\0','154'),(2868,NULL,NULL,'1. 쇠고기는 곱게 채썬다.\n2. 목이버섯은 미온수에 불린 후 찬물로 헹구어 물기를 짜서 적당한 크기로 뜯고, 느타리버섯은 끓는 물에 데친 후 찬물에 헹구어 물기를 짠 후 손으로 찢는다.\n3. 실파는 4cm 길이로 썰고 홍고추는 씨를 털어 4cm 길이로 채썬다.\n4. 분량의 양념 재료를 섞어 양념장을 만들고 양념장을 나누어 쇠고기, 느타리버섯, 목이버섯을 각각 양념한다.\n5. 전골냄비에 준비한 재료를 돌려 담고 물 3컵을 붓고 끓여 국간장과 소금으로 간을 맞춘다.',60,'쇠고기전골',NULL,'쇠고기를 푸짐하게 넣어 만든 전골 요리랍니다~',_binary '\0','155'),(2869,NULL,NULL,'1. 고등어는 머리, 꼬리를 떼어내고 3cm 크기로 어슷썰어 내장을 뺀다.\n2. 무는 2cm 두께로 썰어 큰 것은 4등분, 작은 것은 2등분하여 끓는 물에 데쳐낸다.\n3. 파는 3cm 길이로 어슷썬다.\n4. 냄비에 고등어와 무를 분량의 양념 재료로 만든 양념장의 2/3를 얹어 뚜껑을 덮고 조린다.\n5. 끓어 오르면 은근한 불에서 양념장을 숟가락으로 끼얹어 주며 조리다가 나머지 양념장을 끼얹어 센불에서 조린다.\n6. 고등어와 무를 그릇에 담고 파를 곁들인다.',30,'고등어무조림',NULL,'자칫하면 비릴 수 있는 고등어를 무와 함께 조려보세요~ 매콤해서 밥과 잘어울려요!',_binary '\0','156'),(2870,NULL,NULL,'1. 끓는 물에 식용유 1큰술과 당면을 넣고 삶다가 투명하게 삶아지면 소쿠리에 밭쳐서 물에 한 번 헹궈 간장 2큰술과 참기름 1큰술에 무친다.\n2. 쇠고기는 기름기를 떼어내고 결 방향대로 곱게 채썰어 핏물을 뺀 다음 분량의 양념 재료로 쇠고기 양념을 만들어 재워둔다.\n3. 느타리버섯은 끓는 물에 소금을 약간 넣고 데쳐서 찬물에 헹군 뒤 물기를 꼭 짜서 가늘게 찢어 소금과 참기름에 버무린다.\n4. 오이는 소금으로 문질러 씻은 뒤 4cm 길이로 돌려 깎아서 가늘게 채썰어 소금에 살짝 절이고 당근은 4cm 길이로 곱게 채썰고, 양파도 곱게 채썬다. 배는 껍질을 벗겨 씨를 도려낸 다음 4cm 길이로 채썰어서 색이 변하지 않도록 설탕물에 담가둔다.\n5. 프라이팬에 느타리버섯, 오이, 당근, 쇠고기 순으로 소금과 후춧가루로 간하여 재빨리 볶아서 넓은 쟁반에 펴서 식힌다.\n6. 큼직한 볼에 당면과 ⑤를 넣고 무쳐서 소금으로 간하고, 채썰어놓은 배와 통깨를 넣고 살살 무쳐서 접시에 담는다.',25,'잡채',NULL,'잔칫상에 빠질 수 없는 잡채! 여러 가지 재료의 조화가 일품이예요~',_binary '\0','157'),(2871,NULL,NULL,'1. 양파와 파, 마늘은 곱게 다진다.\n2. 된장 3큰술과 고추장 1큰술에 ①과 고춧가루를 넣고 잘 섞는다.\n3. 먹기 직전에 참기름을 넣고 잘 섞어 마무리한다.',10,'쌈장',NULL,'쌈밥의 맛을 좌우하는 쌈장! 집에서 맛깔나게 만들어 드세요~',_binary '\0','158'),(2872,NULL,NULL,'1. 배추김치는 속을 털어내고 국물을 짠 후 2cm 두께로 채썬다.\n2. 돼지고기를 채썰어 간장 1작은술, 청주 1큰술, 후춧가루 약간을  넣고 재워둔다.\n3. 죽순, 양송이버섯은 모양대로 얇게 썰고 피망도 채썬다. 마른 고추를 어슷썰어 씨를 털어내고 대파, 마늘, 생강은 곱게 채썬다.\n4. 프라이팬에 식용유를 두르고 충분히 달궈지면 마른 고추를  볶다가  대파, 마늘, 생강을 넣어 볶는다.\n5. ④에 돼지고기를 넣어 센불에서 볶은 후 김치, 죽순, 양송이버섯을 넣어 같이 볶는다.\n6. ⑤에  피망을 넣어 볶고 소금, 후춧가루로 간하고 참기름으로 마무리한다.',30,'김치채소볶음',NULL,'김치가 들어가서 한식스러운 음식이라고 생각하시죠?  사실은 중국식 고추잡채보다 더 개운한 중국요리랍니다.',_binary '\0','159'),(2873,NULL,NULL,'1. 닭고기는 깨끗이 씻어 앞뒤로 칼집을 넣어주고 소금, 후춧가루, 청주로 밑간을 해둔다.\n2. 분량의 양념 재료를 섞어 양념장을 만들고 ①에 버무려 30분 가량 재워둔다.\n3. 녹말가루와 튀김가루를 섞어 재워둔 닭고기에 묻히고 160℃의 기름에서 바삭하게 튀긴다.',60,'닭날개튀김',NULL,'닭부위중에서 가장 맛있는 날개로 맛있는 튀김요리를 해보세요.',_binary '\0','160'),(2874,NULL,NULL,'1. 오징어는 몸통과 다리를 분리하고 몸통은 소금을 뿌렸다가 껍질을 벗기고 다리는 곱게 다진다.\n2. 표고버섯은 밑동을 제거하고 두부는 면보에 싸서 물기를 짠다. 당면은 끓는 물에 데쳐 놓는다.\n3. 표고버섯, 두부, 당면, 쇠고기, 당근, 피망은 곱게 다진다.\n4. 간장, 식초, 깨소금을 섞어 초간장을 만든다.\n5. 깻잎과 양상추는 곱게 채썬 다음 샐러리 잎과 함께 얼음물에 담가놓고 오븐은 200℃로 예열해놓는다.\n6. 다져놓은 오징어다리, 표고버섯, 두부, 당면, 쇠고기, 당근, 피망을 용기에 담아 양념 재료를 차례로 넣고 골고루 섞는다.',60,'오징어순대',NULL,'오징어로 순대를 만든다? 아주 색다른 음식이죠.',_binary '\0','161'),(2875,NULL,NULL,'1. 표고버섯은 따뜻한 물에 불려 밑동을 떼어내서 채썰고 죽순도 깨끗이 씻어 빗살 모양으로 얇게 썬다.\n2. 새우살은 끓는 물에 소금을 약간 넣어 데쳐낸다. 새우를 삶아낸 물 1과 1/2컵을 남겨서 소스용 재료로 사용한다.\n3. 달군 팬에 채썬 표고버섯, 죽순, 새우살, 완두콩을 넣고 볶는다.\n4. 식용유에 누룽지를 튀긴다.\n5. 튀겨낸 누룽지에 ③을 넣고 홍고추, 다진 마늘을 넣고 소금으로 간한다.\n6. 팬에 분량의 소스 재료를 넣어 끓인 후 녹말물을 풀어 넣어 걸쭉한 소스를 만든 다음 ⑤에 붓고 살짝 끓인다.',50,'누룽지탕',NULL,'누룽지에 뜨거운 소스를 끼얹을 때 나는 찌지지직 소리가 포인트입니다.',_binary '\0','162'),(2876,NULL,NULL,'1. 가래떡은 3cm 길이로 썰어서 끓는 물에 데쳐낸다.\n2. 파프리카는 떡 크기에 맞춰 썰어 살짝 데치고, 브로콜리는 작은 줄기로 떼어내 끓는 소금물에 데쳐낸다.\n3. 분량의 양념 재료를 섞어 양념장을 만든다.\n4. 꼬치에 떡, 파프리카, 브로콜리 순으로 꽂는다.\n5. ④에 양념장을 발라 떡이 고루 익을 때까지 그릴에 굽는다.',60,'가래떡꼬치',NULL,'편식하는 아이에게도 몸에 좋은 파프리카와 브로콜리를 먹일 수 있는 신기한 떡꼬치!',_binary '\0','163'),(2877,NULL,NULL,'1. 양파, 당근은 다진다.\n2. 실파는 송송썬다.\n3. 두부는 곱게 으깬다.\n4. 찬밥, 양파, 당근, 실파, 두부를 섞고 콩가루와 계란을 넣은 뒤 소금과 후춧가루로 간을 맞춘다.\n5. 프라이팬에 기름을 두르고 둥글게 지진다.',30,'찬밥지짐이',NULL,'남아있는 찬밥으로 맛있는 간식 만들어볼까요?',_binary '\0','164'),(2878,NULL,NULL,'1. 쌀은 씻어서 30분 정도 불린 후 소쿠리에 건져 물기를 빼고, 팥은 씻어서 냄비에 담고 팥이 잠길 정도로 물을 부어 끓인 뒤 살짝 끓어오르면 물을 버린다.\n2. ①에 다시 물 8컵을 부어 1시간 정도 푹 삶는다.\n3. ②에 불린 쌀을 넣고 주걱으로 한 번씩 저어가며 쌀알이 완전히 퍼질 때까지 끓인다.\n4. 찹쌀과 쌀가루를 섞어서 가루 낸 것에 찬물 3/4컵을 부어 반죽해서 지름 1~2cm 정도의 새알심을 동그랗게 빚는다.\n5. 끓는 소금물에 ④를 넣고 새알심이 익어서 위로 떠오르면 찬물에 식혀 건져낸다.\n6. 센불에서 죽이 끓을 때 새알심을 넣고 소금으로 간을 맞춘 뒤 불에서 내린다.',60,'동지팥죽',NULL,'동지날이 되면 귀신이 싫어하는 붉은 것을 먹어 액땜을 한다고 하죠? 액땜도 하며 오랜만에 별식도 즐겨보세요~',_binary '\0','165'),(2879,NULL,NULL,'1. 냉장고에 보관해둔 버터를 주사위 모양으로 썬다.\n2. 체에 밀가루와 소금을 넣고 쳐서 큰 볼에 담는다.\n3. ②에 버터 썬 것을 넣고 섞은 후 버터에 밀가루를 입힌다. 버터를 손으로 한 개씩 으깬 다음 양손으로 비벼서 보슬보슬한 가루를 만든다.\n4. 찬물을 넣고 손가락으로 원을 그리면서 섞은 후 대충 덩어리로 뭉쳐서 비닐백에 담아 밀대로 5mm 정도 두께로 밀어둔다.\n5. ④를 냉장고에 1~2시간 정도 넣어둔다.\n6. 아몬드 크림을 만든다. 실온에 두었던 버터를 볼에 담고 거품기로 저어서 크림 상태로 만든다. 여기에 설탕을 넣고 힘있게 섞은 후 계란을 넣고 잘 섞어준 뒤 아몬드 가루를 넣고 섞는다.',60,'팥타르트',NULL,'타르타에 팥을 넣어 만든 아주 색다른 음식이죠~',_binary '\0','166'),(2880,NULL,NULL,'1. 고구마 줄기는 미지근한 물에 한시간 정도 불린다.\n2. 끓는 물에 고구마 줄기를 20분 정도 삶아낸 뒤 찬물에 헹구어 물을 갈아주며 하루 정도 물에 담가둔다.\n3. 분량의 재료를 섞어 양념장을 만든다.\n4. 고구마 줄기는 물기를 짜고 5cm 길이로 썬다.\n5. ④에 양념장을 넣어 간이 배도록 무친다.\n6. 프라이팬에 들기름을 두르고 ⑤를 넣어 볶는다.',20,'고구마줄기볶음',NULL,'고구마줄기로 맛있는 볶음요리해볼까요~',_binary '\0','167'),(2881,NULL,NULL,'1. 어묵은 가운데 1/3 정도를 파낸다.\n2. 닭고기 안심은 곱게 다져 소금, 후춧가루를 넣는다.\n3. 말린 표고버섯은 미지근한 물에 불려 기둥을 떼어내고 가늘게 채썬다.\n4. 오이는 돌려 깎아 채썬 뒤 소금에 살짝 절이고 물기를 짠다.\n5. 닭고기살에 표고버섯, 오이를 넣는다.\n6. 어묵 가운데 녹말가루를 뿌리고 ⑤를 채운다.',35,'어묵닭고기조림',NULL,'어묵안에 부드러운 닭고기 안심을 넣어서 만들었답니다',_binary '\0','168'),(2882,NULL,NULL,'1. 쇠고기는 찬물에 담가 핏물을 없애고 양지머리와 함께 한번 끓여 첫 물을 버리고, 다시 푹 고아서 육수를 준비한다.\n2. 계란은 노른자와 흰자를 나누어 지단을 부친다.\n3. 쇠고기는 채썰거나 다져서 양념 재료로 양념하여 볶는다.\n4. 가래떡을 어슷썰어 물에 씻어 건진다.\n5. ①의 육수에 간장과 소금으로 간을 맞추고  채썬 파와 다진 마늘을 넣어 팔팔 끓으면 떡을 헤쳐서 넣고, 떡이 익어서 떠오를 때까지 끓인다.\n6. 대접이나 그릇에 떡국을 담고 위에 고기와 지단을 고명으로 얹고 후춧가루를 약간 뿌려 낸다.',30,'떡국',NULL,'설날 아침 떡국먹고 한살 더먹기!',_binary '\0','169'),(2883,NULL,NULL,'1. 멥쌀은 깨끗이 씻어서 6시간 정도 충분히 불린 후 건져 소금을 넣고 가루로 빻아서 곱게 체에 친다.\n2. 멥쌀가루에 물을 뿌린 다음 버무려서 찜통이나 시루에 넣고 충분히 찐다.\n3. 쪄낸 떡을 둘로 나누어 반은 그대로 절구에서 찰지게 될 때까지 치고, 나머지는 데친 쑥을 섞어서 쑥색이 고루 들 때까지 찧는다.\n4. ③의 떡을 큰 도마에 놓고 참기름을 발라가며 일정한 크기로 떼어낸 다음 둥근 모양으로 빚고 떡살로 눌러 문양을 낸 후 참기름을 발라 마무리한다.',60,'절편',NULL,'절편에 모양을 다 낸 다음 손으로 꼭 참기름 바르셔야해요',_binary '\0','170'),(2884,NULL,NULL,'1. 생강은 껍질을 벗겨 씻은 뒤 얇게 저민다.\n2. 통계피는 씻어서 잘게 부순다.\n3. 곶감은 가루를 털고 젖은 수건으로 표면을 깨끗이 닦은 뒤 꼭지와 밑동을 살짝 자른 다음 옆면을 칼로 잘라 씨를 발라낸다.\n4. 호두는 통째로 미지근한 설탕물에 잠시 담갔다가 꺼내어 꼬치로 껍질을 벗긴다.\n5. 곶감을 넓게 편 다음 호두를 넣고 김발로 꼭꼭 말아 곶감쌈을 만든다.\n6. 생강은 찬물 10컵을 붓고 향이 우러나도록 약한 불에서 30~40분간 끓인다.',60,'수정과',NULL,'달콤한 곶감과 향긋한 계피향이 어우러져서 한국의 정서를 느끼게 해준답니다~',_binary '\0','171'),(2885,NULL,NULL,'1. 닭고기는 토막 내어 소금, 후춧가루, 정종에 재워둔다.\n2. 홍고추, 청고추, 대파, 생강, 마늘은 굵게 다진다.\n3. 소스 재료를 섞는다.\n4. 닭고기에 계란을 넣고 감자전분을 넣어 무치듯 반죽한다.\n5. 170℃ 기름에 튀긴다.\n6. 프라이팬에 기름을 넣고 대파, 마늘, 생강, 홍고추, 청고추를 넣고 볶는다.',40,'깐풍기',NULL,'바삭하게 튀겨서 맛있게 만들어보세요~',_binary '\0','172'),(2886,NULL,NULL,'1. 멥쌀과 찹쌀은 불린 다음 소금 1큰술을 넣고 곱게 빻는다.\n2. ①에 물을 10큰술 정도 넣어 손으로 비비면서 다시 한 번 체에 내린다.\n3. 팥은 물을 붓고 푹 삶는다.\n4. 충분히 물러졌으면 남은 물을 따라내고 잠깐 불에 올려 뜸을 들인 후 소금 1큰술과 함께 절구에 넣고 팥알이 부서지도록 대강 찧는다.\n5. 시루에 면보를 깔고 ④의 팥고물을 평평하게 깐 다음 ②의 쌀가루를 2cm 두께로 번갈아 안쳐 김 오른 솥 위에 시루째 올린다.\n6. 김이 새지 않도록 솥과 시루 사이에 밀가루 반죽을 붙인다.',50,'팥시루떡',NULL,'우리의 전통떡을 집에서 직접 만들어 보세요. 하트모양, 동그라미, 별모양으로 아이들의 호기심도 자극하구요.',_binary '\0','173'),(2887,NULL,NULL,'1. 냄비에 물, 다시마, 무를 넣어 끓여 국물을 만든다.\n2. 두부는 물기를 짠 후 곱게 으깨고 실파를 송송 썬다.\n3. ②에 다진 쇠고기, 소금, 후춧가루를 넣어 골고루 섞은 후 2㎝ 크기의 완자를 빚는다.\n4. ①의 무를 건져 얄팍하게 썬다.\n5. ①의 국물에 국간장, 소금, 후춧가루로 간을 한 후 끓인다.\n6. ⑤가 끓어오르면 완자와 ④의 무를 넣어 끓인다.',30,'두부탕',NULL,'부드럽고 영양이 뛰어난 두부로 탕요리 해볼까요?',_binary '\0','174'),(2888,NULL,NULL,'1. 두부는 물기를 짠 후 곱게 으깨어 다진쇠고기와 섞는다.\n2. ①에 소금, 후춧가루, 깨소금, 참기름을 넣어 양념한다.\n3. ②를 치대어 직경 3㎝ 크기의 완자를 빚는다.\n4. 밤은 껍질을 까서 물에 담가놓고 무, 당근은 밤 크기로 썰어 끓는 물에 데친다.\n5. 분량의 재료를 섞어 양념장을 만든다.\n6. 냄비에 양념장을 넣어 끓어오르면 완자를 넣는다.',60,'쇠고기완자찜',NULL,'동글동글 고기를 완자 모양으로 빚어 찜 요리를 했답니다.',_binary '\0','175'),(2889,NULL,NULL,'1. 오징어는 껍질을 벗기고 칼집을 넣어 썰고 5cm x 1cm 크기로 썰고 낙지는 7~8cm 길이로 썬다.\n2. 새우는 껍질을 벗기고 등 쪽의 내장을 꺼낸다. 조갯살도 잘 씻어낸다.\n3. 끓는 물에 해물을 넣어 살짝 데친다.\n3. 양파, 청피망, 홍피망, 당근은  채썰어 식용유를 두른 팬에 재빨리 볶아낸다.\n5. 당면은 삶은 후 물기를 빼고 썰어 간장, 설탕, 참기름으로 무쳐놓는다.\n6. 식용유를 두른 팬에 양념한 당면을 볶고 채소와 해산물을 넣어 볶는다.',40,'해물잡채',NULL,'싱싱한 해물로 만든 잡채요리랍니다.',_binary '\0','176'),(2890,NULL,NULL,'1. 물에 다시마와 말린표고버섯을 넣고 2~3시간 정도 둔다.\n2. 계란은 황백으로 나눠 지단을 부쳐 채썰고 대파는 어슷썰기 한다.\n3. 냄비에 ①의 물과 다시마, 표고버섯을 넣고 끓기 시작하면 다시마를 건져 낸다.\n4. ③에 간장과 소금으로 간을 맞춘 후 떡국 떡을 넣고 끓인다.\n5. ④에 다진 마늘과 대파를 넣고 끓인다.\n6. ⑤를 그릇에 담고 지단을 올려 낸다.',30,'맑은떡국',NULL,'다시마와 표고버섯으로 육수를 낸 맛있는 떡국 만들어보세요.',_binary '\0','177'),(2891,NULL,NULL,'1. 찹쌀은 씻어 30분 이상 불린다.\n2. 팥은 한 번 삶아 물을 버리고 다시 물을 넣고 팥알이 터지지 않게 삶은 뒤 팥물은 받아 놓는다.\n3. 밤은 껍질을 까서 먹기 좋은 크기로 잘라 놓고 대추도 씨를 발라 적당한 크기로 자른다.\n4. 준비한 재료를 모두 넣고 1과 1/3컵의 팥물에 소금 1/2작은술을 넣어 밥을 짓는다.',40,'찰밥',NULL,'찹쌀과 팥을 섞어 만든 찰밥입니다.',_binary '\0','178'),(2892,NULL,NULL,'1. 쌀은 씻어 건져 놓는다.\n2. 콩나물은 통통한 것으로 다듬어 씻어 놓는다.\n3. 돼지고기는 살코기로 준비해 4~5㎝ 길이로 굵게 채썬다.\n4. 무는 깨끗이 씻어서 폭 0.5㎝ 길이 4~5㎝ 길이로 굵게 채썬다.\n5. 취나물은 끓는 물에 소금을 조금 넣고 데쳐서 찬물에 1시간 정도 담가 쓴맛을 우려낸다. 여러번 헹군 뒤 물기를 꼭 짜서 4㎝ 길이로 썬다.\n6. 돼지고기에 양념을 해서 프라이팬에 볶아 놓는다.',30,'콩나물무밥',NULL,'무의 달짝지근한 맛이 어우러져서 맛있는 건강식 밥이죠. 다른 반찬 없이 압력밥솥에서 10분만 하면 끝!',_binary '\0','179'),(2893,NULL,NULL,'1. 모둠 채소는 흐르는 물에 깨끗이 씻어 소쿠리에 물기를 빼 둔다.\n2. 케일은 끓는 물에 데쳐 찬물에 헹군다.\n3. 밥에 소금과 참기름으로 간을 한다.\n4. 케일 및 쌈야채에 ③을 먹기 좋은 크기로 한 덩이씩 싼 뒤 흑임자를 뿌린다.\n5. 준비한 양념 재료를 섞어 쌈장을 만든다.\n6. 그릇에 채소와 케일 쌈밥을 담고 쌈장을 곁들여 낸다.',30,'모듬쌈밥',NULL,'몸에 좋은 채소를 한입에~ 예쁘고 맛있게 먹자!',_binary '\0','180'),(2894,NULL,NULL,'1. 말린 표고버섯은 물에 불려 굵게 채썰고 기둥은 결대로 찢는다.(불린 물은 ②에 섞어 육수로 사용한다.)\n2. 멸치는 내장과 머리를 발라낸 후 냄비에 물 2컵과 ①의 표고버섯 불린 물을 붓고 된장을 풀어 끓인다.\n3. 두부는 사방 1.5cm로 깍둑썰어 준비하고 달래는 길이로 3등분하며 대파, 청양고추는 어슷썬다.\n4. 바지락은 연한 소금물에 담가 해감시킨다.\n5. ②가 끓으면 두부와 해감 시킨 바지락을 넣는다.\n6. ⑤에 나머지 재료인 달래, 표고버섯, 대파, 청양고추를 넣고 끓인다.',40,'달래된장찌개',NULL,'구수한 된장찌개에 상큼한 달래가 들어가 향긋한 달래된장찌개!',_binary '\0','181'),(2895,NULL,NULL,'1. 마른 표고버섯은 따뜻한 물에 불려 밑둥을 없애고 물기를 꼭 짠 다음 채썬다.\n2. 쑥의 질긴 부분을 없앤 후 끓는 물에 데쳐 물기를 짠다.\n3. 느타리버섯은 끓는 물에 데쳐 물기를 없애고 손으로 찢는다.\n4. 팬에 식용유를 두르고 다진 마늘을 볶다가 버섯재료와 쑥을 넣어 센불에 살짝 볶는다.\n5. 간장, 설탕, 소금, 후춧가루로 간을 해 마무리한다.',20,'쑥버섯볶음',NULL,'쑥의 향과 버섯의 쫄깃한 맛이 한층 어우러진 요리!',_binary '\0','182'),(2896,NULL,NULL,'1. 닭가슴살은 옆으로 갈라 넓게 편 후 소금, 후춧가루를 살짝 뿌린다.\n2. 명란젓은 껍질을 벗기고 마요네즈를 넣어 섞는다.\n3. 닭가슴살에 녹말가루를 뿌리고 김을 깐 뒤 ②를 놓고 만다.\n4. ③에 밀가루, 계란, 빵가루를 입혀 160℃의 기름에서 튀긴다.\n5. 당근과 대파는 가늘게 채썰어 그릇에 담고 튀긴 닭고기를 썰어 담는다.',40,'닭고기명란튀김',NULL,'닭고기와 명란을 튀긴 요리랍니다',_binary '\0','183'),(2897,NULL,NULL,'1. 바지락은 연한 소금물에 담가 해감시킨다.\n2. 봄동은 깨끗이 다듬어 씻은 후 물기를 빼고 먹기 좋은 크기로 썬다.\n3. 홍고추는 굵게 다지고 실파는 송송 썬다.\n4. 달구어진 팬에 식용유를 두르고 마늘을 볶다가 물을 붓는다.\n5. ④가 끓으면 바지락, 청주를 넣고 뚜껑을 덮어 끓인다.\n6. 봄동과 굴소스를 넣고 볶는다.',30,'봄동바지락볶음',NULL,'봄동과 바지락의 조화! 조금 생소하시죠? 일단 한 번 먹어보세요~',_binary '\0','184'),(2898,NULL,NULL,'1. 김치는 곱게 다진다.\n2. 감자는 삶아서 체에 내리고 두부는 물기를 짠 뒤 으깬다.\n3. 당근,피망은 다진다.\n4. 준비된 재료에 밀가루, 계란, 다진마늘, 소금, 후춧가루를 섞는다.\n5. 프라이팬에 식용유를 두르고 반죽을 한 숟가락씩 떠서 노릇하게 지진다.',30,'김치동그랑땡',NULL,'몸에 좋은 두부와 김치와 감자를 이용해 동그랑땡을 만들어 보아요~',_binary '\0','185'),(2899,NULL,NULL,'1. 옥수수는 물기를 뺀다.\n2. 찬밥에 옥수수, 소금, 계란을 넣고 잘 섞은 후 녹말가루를 넣는다.\n3. 지름 2㎝ 정도로 완자를 빚어(사진1) 170℃의 식용유에서 노릇노릇하게 튀겨 낸다.\n4. 식용유 2큰술에 설탕 1/2컵을 넣고 물을 1큰술 정도 넣어 설탕이 녹을 때까지 끓여 시럽을 만든다.\n5. ④의 시럽에 튀겨 놓은 맛탕을 버무려 낸다.',40,'찬밥맛탕',NULL,'밥으로 맛탕을 한다!! 생소하시다구요? 한번 도전해 보세요 찬밥도 해결하고 맛있는 간식도 먹고 1석2조!!^^',_binary '\0','186'),(2900,NULL,NULL,'1. 양배추는 두꺼운 부분을 도려내고 가로 5㎝ 길이로 채썰고, 실파는 송송 썬다.\n2. 모시조개는 소금물에 담가 해감을 토하게 한다.\n3. 냄비에 물을 붓고 다시마와 멸치를 넣어 끓으면 불을 끄고 체에 면보를 깔아 건더기를 걸러내 다시물을 준비한다.\n4. 다시물에 된장을 풀어 다시 한번 끓인 다음 양배추, 모시조개를 넣고 다진 마늘을 넣어 한소끔 끓인다.\n5. 그릇에 담아 송송 썬 실파를 얹어 낸다.',30,'양배춧국',NULL,'담백한 된장국에 양배추와 모시조개가 풍덩~',_binary '\0','187'),(2901,NULL,NULL,'1. 오징어는 내장을 제거하고 껍질을 벗긴 뒤 0.5㎝ 두께의 링 모양으로 썬다.\n2. 쇠고기는 0.2㎝ 두께로 채썬 뒤 간장, 후춧가루로 밑간을 한다.\n3. 풋고추, 홍고추, 대파는 어슷썬다.\n4. 냄비에 물을 붓고 ②의 쇠고기를 넣어 끓으면 양념 재료를 넣어 간을 맞춘다.\n5. ④에 오징어, 풋고추, 홍고추, 대파를 넣어 끓인다.',40,'오징어찌개',NULL,'오징어로 간단하게 찌개요리 해보세요.',_binary '\0','188'),(2902,NULL,NULL,'1. 오이는 통통하고 길이가 짧은 것으로 골라 깨끗하게 씻어 건진 다음 소금을 뿌려 3시간 정도 절인 뒤 물기를 닦아 준비하는데, 피클용 오이가 없으면 일반 오이를 먹기 좋은 크기로 썰어서 절인다.\n2. 홍고추는 꼭지를 잘라 깨끗이 씻어 물기를 제거해두고, 생강은 편썰고 당근, 양파는 큼직하게 썬다.\n3. 소독한 병에 절인 오이와 홍고추, 당근, 양파를 차곡차곡 담는다.\n4. 분량의 물과 설탕, 식초, 소금, 정향, 통후추, 월계수잎, 통계피, 생강편을 섞어 팔팔 끓여 바로 ③의 병에 3/5 정도 채워지도록  붓는다.\n5. 김이 오른 찜통에 피클 병을 넣고 병 뚜껑은 살짝 열고 찜통 속에 5분 정도 두었다가 찜통 안에서 병 뚜껑을 꼭 닫은 후 꺼내어 실온에 두고 숙성시킨다.',40,'오이피클',NULL,'새콤달콤,아삭아삭 씹는 맛이 좋은 피클',_binary '\0','189'),(2903,NULL,NULL,'1. 멥쌀과 찹쌀은 깨끗이 씻어 30분간 불린 다음 체에 밭쳐 물기를 뺀다.\n2. 밤은 껍질을 벗겨 적당한 크기로 자르고 은행은 식용유를 두르고 볶아 껍질을 벗긴다. 대추는 씨를 빼고 3~4등분한다. 송이버섯은 먹기 좋은 크기로 썬다.\n3. 돌솥에 참기름을 바르고 ①의 쌀을 볶다가 물을 쌀 위로 1cm 정도 올라오게 붓는다.\n4. ③에 밤, 은행, 대추, 잣을 넣고 밥을 짓는다.\n5. 뜸들일 때 버섯을 밥 위에 올린다.',40,'영양돌솥밥',NULL,'보기만해도 영양가 풍부한 돌솥밥이랍니다.',_binary '\0','190'),(2904,NULL,NULL,'1. 시금치는 끓는 물에 소금을 약간 넣어 살짝 데쳐낸 뒤 찬물에 헹궈 물기를 짠다.\n2. 냄비에 말린새우, 물을 넣고 끓인다.\n3. 된장을 체에 걸러 푼다.\n4. 끓으면 시금치, 다진 마늘을 넣어 끓인 뒤 소금으로 간한다.',30,'시금치된장국',NULL,'시금치와 새우로 맛을 내고 된장으로 간을 해보세요.',_binary '\0','191'),(2905,NULL,NULL,'1. 김치는 물기를 살짝 짜서 씻고, 깻잎도 깨끗이 씻는다.\n2. 양배추와 근대 잎은 끓는 물에 데쳐 내거나 찜통에 찐다.\n3. 쇠고기는 분량의 양념을 한다.\n4. 프라이팬에 식용유를 두르고 쇠고기를 볶다가 밥을 넣어 볶은 후 소금, 후춧가루로 간을 맞춘다.\n5. 김치, 깻잎, 양배추, 근대 잎에 ④를 넣어 각각 말아 준다.',30,'김치채소쌈',NULL,'김치와 야채에 쇠고기볶음밥을 올려 돌돌 말아 만드는 간편하고 맛있는 김치채소쌈!! 오늘 저녁메뉴로 어떠세요?',_binary '\0','192'),(2906,NULL,NULL,'1. 팥에 물을 부어 한소끔 끓으면 물을 버리고, 다시 물을 부어 팥을 삶은 후, 삶은 팥과 팥 삶은 물을 따로 둔다.\n2. 밤과 대추는 잘게 썬다.\n3. 불려 놓은 찹쌀과 멥쌀, 삶은 팥, 밤, 대추, 소금, 팥 삶은 물을 한꺼번에 넣고 찜통에서 찐다.\n4. ③의 쪄낸 찰밥을 랩에 적당량 넣고 동그랗게 만다.',30,'찰밥주먹밥',NULL,'찰밥으로 한입에 쏙 먹을 수있는 주먹밥 만들어볼까요?',_binary '\0','193'),(2907,NULL,NULL,'1. 다시마는 마른 행주로 닦은 후 냄비 바닥에 깔아 쌀을 넣어 고슬하게 밥을 짓고, 다시마를 빼낸 후 분량의 배합초를 넣어 버무려 식힌다.\n2. 볼에 계란을 풀고 소금간을 한 뒤 프라이팬에 식용유를 두르고 계란 지단을 부친다.\n3. 지단이 식으면 가로 x 세로가 20cm x 20cm 정도가 되도록 자른다.\n4. 표고버섯을 불린 다음 얇게 채썰고, 오이는 돌려깎기한 후 껍질 부분만 채를 썰고, 당근은 곱게 채썰어 각각 볶은 후 소금으로 간을 한다.\n5. 미나리는 잎을 떼고 끓는 소금물에 데친다.\n6. 계란 지단 위에 밥을 펴고 볶아 둔 표고버섯, 오이, 당근을 올리고 김밥 말듯이 말아준 후 데친 미나리로 한입 크기 마다 묶어서 썬다.',30,'계란말이주먹밥',NULL,'계란안에 밥을 넣어 돌돌 말아 말아~',_binary '\0','194'),(2908,NULL,NULL,'1. 어묵은 먹기 좋은 크기로 썰어 끓는 물에 데쳐낸다.\n2. 대파와 홍고추는 어슷썬다.\n3. 다시물에 간장, 맛술, 청주를 넣어 육수를 낸다.\n4. 육수가 끓으면 어묵, 대파, 홍고추를 넣고 소금으로 간을 한다.',30,'어묵국',NULL,'아이들이 좋아하는 어묵으로 만드는 간단하고 시원한 어묵국!',_binary '\0','195'),(2909,NULL,NULL,'1. 모시조개는 연한 소금물에 담가 해감 시킨다.\n2. 죽순은 2㎝ 길이의 빗살 모양으로 썰고 대파는 어슷썬다. 레몬은 노란 껍질 부분을 모양 내어 썬다.\n3. 찬물에 ①의 조개를 넣고 한소끔 끓으면 면보에 거르고 조개는 따로 둔다.\n4. 조개 국물만 냄비에 넣고 끓으면 삶은 조개와 죽순을 넣고 소금으로 간을 한 뒤 썰어놓은 대파와 레몬 껍질을 넣는다.',30,'조개맑은국',NULL,'해감을 잘 시킨 조개로 시원한 맑은 국 한번 끓여보세요.',_binary '\0','196'),(2910,NULL,NULL,'1. 두부는 1㎝ 깍둑썰기하여 끓는 물에 살짝 데친다.\n2. 미역은 물에 불려 끓는 물에 데친 뒤 잘게 자르고, 실파는 송송 썬다.\n3. 맛국물이 끓으면 된장을 풀고 한소끔 끓으면 불을 끈다.\n4. 그릇에 두부, 미역, 실파를 넣고 ③의 국물을 붓는다.',20,'왜된장국',NULL,'일본식 구수한 된장국 한번 끓여볼까요? 도시락에 잘 어울려요!',_binary '\0','197'),(2911,NULL,NULL,'1. 호박, 당근, 죽순은 잘게 다져 끓는 물에 데친다.\n2. 새우와 달걀흰자를 믹서기에 넣고 갈아 걸쭉하게 만든 다음 생크림, 소금, 호박, 당근, 죽순, 콘프레이크와 통후추를 빻아 넣어 잘 섞어 만두소를 만든다.\n3. 만두피에 만두소를 넣고 다른 만두피로 덮어 만두를 동그랗게 만든 다음 쿠키 커터로 찍어낸다.\n4. 찜통에 만두를 쪄서 초간장을 곁들인다.',40,'새우만두',NULL,'새우로 색다른 만두를  만들어보세요!',_binary '\0','198'),(2912,NULL,NULL,'1. 쌀은 씻어서 물에 담가 충분히 불린다.\n2. 잣은 고깔을 떼고 마른 면보에 싸서 문질러 닦고 6개만 고명용으로 따로 남겨놓는다.\n3. 믹서에 불린 쌀과 물 2컵을 부어서 곱게 갈아 놓고, 잣도 물 1/3컵을 넣고 곱게 간다.\n4. 대추는 깨끗이 씻어서 돌려 깎은 후 껍질을 방망이로 살짝 밀어 동그랗게 말아 얇게 썰어 대추꽃을 만든다.\n5. 냄비에 갈아놓은 쌀과 물 1컵을 부은 뒤 불에 올려, 바닥이 눌지 않도록 저어가며 끓인다.\n6. 쌀이 끓어서 퍼지기 시작하고 어느 정도 익으면 잣 갈아놓은 것을 넣고 이 때부터는 아주 약한 불에서 알맞은 농도가 될 때까지 끓이고, 먹기 직전에 간을 해서 먹는다.',40,'잣죽',NULL,'부드럽고 든든한 죽 한 그릇, 어떠세요~',_binary '\0','199'),(2913,NULL,NULL,'1. 청고추는 맵지 않은 것으로 골라 씻어 밀폐 용기에 담은 다음  소금물을 붓고 고추가 떠오르지 않게 대발이나 접시를 얹어  2주일 정도 노랗게 삭힌다.\n2. 삭힌 고추를 건져 물기를 뺀다.\n3. 간장, 설탕, 채썬 생강을 넣어 장을 만든다.\n4. 밀폐 용기에 삭힌 고추를 담고 ③의 장을 부은 다음 뚜껑을 덮는다.\n5. ④를 2~3일 정도 두었다가 간장만 냄비에 따라내어 팔팔  끓인  다음 식힌다. ⑤를 고추에 다시 부어 3일간 삭힌다.',30,'고추장아찌',NULL,'맵지 않은 청고추로 맛나는 장아찌 한 번 담가볼까요',_binary '\0','200');
/*!40000 ALTER TABLE `recipe` ENABLE KEYS */;
UNLOCK TABLES;

--
-- Table structure for table `recipe_ingredient`
--

DROP TABLE IF EXISTS `recipe_ingredient`;
/*!40101 SET @saved_cs_client     = @@character_set_client */;
/*!50503 SET character_set_client = utf8mb4 */;
CREATE TABLE `recipe_ingredient` (
  `id` bigint NOT NULL AUTO_INCREMENT,
  `amount` varchar(255) DEFAULT NULL,
  `ingredient_id` bigint NOT NULL,
  `recipe_id` bigint NOT NULL,
  PRIMARY KEY (`id`),
  KEY `FK9b3oxoskt0chwqxge0cnlkc29` (`ingredient_id`),
  KEY `FKgu1oxq7mbcgkx5dah6o8geirh` (`recipe_id`),
  CONSTRAINT `FK9b3oxoskt0chwqxge0cnlkc29` FOREIGN KEY (`ingredient_id`) REFERENCES `ingredient` (`id`),
  CONSTRAINT `FKgu1oxq7mbcgkx5dah6o8geirh` FOREIGN KEY (`recipe_id`) REFERENCES `recipe` (`id`)
) ENGINE=InnoDB AUTO_INCREMENT=8156 DEFAULT CHARSET=utf8mb4 COLLATE=utf8mb4_0900_ai_ci;
/*!40101 SET character_set_client = @saved_cs_client */;

--
-- Dumping data for table `recipe_ingredient`
--

LOCK TABLES `recipe_ingredient` WRITE;
/*!40000 ALTER TABLE `recipe_ingredient` DISABLE KEYS */;
INSERT INTO `recipe_ingredient` VALUES (5935,'4컵',32,2714),(5936,'200g',33,2714),(5937,'20g',19,2714),(5938,'1/2모',34,2714),(5939,'20g',35,2714),(5940,'약간',36,2714),(5941,'약간',37,2714),(5942,'약간',38,2714),(5943,'약간',39,2714),(5944,'약간',40,2714),(5945,'1/2큰술',41,2714),(5946,'약간',42,2714),(5947,'20g',43,2714),(5948,'20g',44,2714),(5949,'20g',45,2714),(5950,'1개',15,2714),(5951,'100g',46,2714),(5952,'1컵',47,2715),(5953,'2컵',48,2715),(5954,'1컵',49,2715),(5955,'1컵',50,2715),(5956,'1/2컵',51,2715),(5957,'1/2컵',52,2715),(5958,'약간',36,2715),(5959,'50g',53,2716),(5960,'100g',13,2716),(5961,'2장',54,2716),(5962,'1/4개',55,2716),(5963,'1/2개',56,2716),(5964,'30g',57,2716),(5965,'약간',58,2716),(5966,'약간',59,2716),(5967,'2큰술',38,2716),(5968,'1큰술',39,2716),(5969,'4큰술',60,2716),(5970,'1큰술',40,2716),(5971,'약간',36,2716),(5972,'3공기',11,2716),(5973,'약간',61,2716),(5974,'2컵',32,2717),(5975,'300g',19,2717),(5976,'100g',62,2717),(5977,'1/2개',63,2717),(5978,'2쪽',64,2717),(5979,'1큰술',40,2717),(5980,'1큰술',65,2717),(5981,'조금',66,2717),(5982,'4큰술',60,2717),(5983,'약간',36,2717),(5984,'약간',61,2717),(5985,'3컵',48,2718),(5986,'1컵',67,2718),(5987,'1/2큰술',68,2718),(5988,'200g',69,2718),(5989,'50g',70,2718),(5990,'1큰술',71,2718),(5991,'적당량',72,2718),(5992,'3큰술',73,2718),(5993,'1컵',74,2718),(5994,'1/3컵',75,2718),(5995,'4컵',76,2718),(5996,'1/2개',77,2719),(5997,'1컵',52,2719),(5998,'2컵',48,2719),(5999,'10컵',76,2719),(6000,'약간',42,2719),(6001,'약간',36,2719),(6002,'1컵',32,2720),(6003,'1/2컵',78,2720),(6004,'6컵',76,2720),(6005,'약간',36,2720),(6006,'약간',42,2720),(6007,'200g',62,2721),(6008,'2개',79,2721),(6009,'1개',80,2721),(6010,'1/2개',56,2721),(6011,'4큰술',81,2721),(6012,'70g',10,2721),(6013,'1/2컵',82,2721),(6014,'4공기',11,2721),(6015,'약간',36,2721),(6016,'약간',61,2721),(6017,'3개',15,2722),(6018,'1/4개',80,2722),(6019,'3컵',76,2722),(6020,'1/3개',56,2722),(6021,'3큰술',83,2722),(6022,'약간',84,2722),(6023,'약간',36,2722),(6024,'2공기',11,2722),(6025,'1/2개',85,2722),(6026,'1/2개',86,2722),(6027,'1/3개',87,2722),(6028,'약간',88,2722),(6029,'한 줌',89,2722),(6030,'1장',90,2722),(6031,'4컵',91,2723),(6032,'2개',79,2723),(6033,'1/2개',92,2723),(6034,'10마리',89,2723),(6035,'2뿌리',93,2723),(6036,'1개',59,2723),(6037,'1컵',76,2723),(6038,'적당량',94,2723),(6039,'약간',37,2723),(6040,'약간',40,2723),(6041,'약간',36,2723),(6042,'400g',95,2724),(6043,'300g',62,2724),(6044,'1개',96,2724),(6045,'1개',87,2724),(6046,'1개',97,2724),(6047,'2개',15,2724),(6048,'2큰술',98,2724),(6049,'1큰술',42,2724),(6050,'약간',36,2724),(6051,'4컵',99,2724),(6052,'1개',100,2724),(6053,'400g',101,2725),(6054,'100g',62,2725),(6055,'1/4개',100,2725),(6056,'1개',15,2725),(6057,'1개',59,2725),(6058,'약간',36,2725),(6059,'약간',65,2725),(6060,'1/2큰술',40,2725),(6061,'8컵',96,2725),(6062,'1큰술',75,2725),(6063,'1/4작은술',42,2725),(6064,'약간',61,2725),(6065,'1/2단',102,2726),(6066,'2큰술',103,2726),(6067,'500g',95,2726),(6068,'1개',59,2726),(6069,'1개',58,2726),(6070,'약간',104,2726),(6071,'1작은술',39,2726),(6072,'1/2작은술',105,2726),(6073,'4큰술',66,2726),(6074,'4큰술',98,2726),(6075,'4큰술',42,2726),(6076,'약간',106,2726),(6077,'1컵',76,2726),(6078,'200g',101,2727),(6079,'3장',54,2727),(6080,'1/2개',87,2727),(6081,'1개',15,2727),(6082,'1/3단',57,2727),(6083,'100g',62,2727),(6084,'적당량',94,2727),(6085,'6장',107,2727),(6086,'15장',108,2727),(6087,'400g',101,2728),(6088,'100g',13,2728),(6089,'1큰술',109,2728),(6090,'1개',110,2728),(6091,'1/2마리',111,2728),(6092,'100g',112,2728),(6093,'100g',113,2728),(6094,'2개',54,2728),(6095,'2개',114,2728),(6096,'약간',63,2728),(6097,'약간',39,2728),(6098,'8컵',115,2728),(6099,'약간',116,2728),(6100,'약간',36,2728),(6101,'1/2포기',12,2729),(6102,'150g',43,2729),(6103,'4장',54,2729),(6104,'1/2모',17,2729),(6105,'40장',117,2729),(6106,'7컵',118,2729),(6107,'40g',62,2729),(6108,'1큰술',38,2729),(6109,'1큰술',39,2729),(6110,'약간',36,2729),(6111,'약간',84,2729),(6112,'약간',65,2729),(6113,'1큰술',75,2729),(6114,'1큰술',42,2729),(6115,'1큰술',40,2729),(6116,'2장',90,2730),(6117,'1/2개',87,2730),(6118,'1개',59,2730),(6119,'1/2작은술',38,2730),(6120,'1/4작은술',39,2730),(6121,'약간',36,2730),(6122,'약간',66,2730),(6123,'약간',65,2730),(6124,'5컵',76,2730),(6125,'1모',17,2731),(6126,'100g',62,2731),(6127,'1뿌리',63,2731),(6128,'1큰술',39,2731),(6129,'1큰술',41,2731),(6130,'1작은술',40,2731),(6131,'조금',60,2731),(6132,'조금',36,2731),(6133,'조금',84,2731),(6134,'1/2모',17,2732),(6135,'50g',19,2732),(6136,'200g',119,2732),(6137,'30g',120,2732),(6138,'1개',59,2732),(6139,'3뿌리',93,2732),(6140,'1큰술',91,2732),(6141,'1개',15,2732),(6142,'1큰술',64,2732),(6143,'약간',36,2732),(6144,'약간',84,2732),(6145,'120g',62,2733),(6146,'400g',121,2733),(6147,'20g',93,2733),(6148,'1작은술',64,2733),(6149,'1큰술',37,2733),(6150,'1큰술',36,2733),(6151,'약간',40,2733),(6152,'약간',84,2733),(6153,'5컵',76,2733),(6154,'2컵',122,2734),(6155,'150g',123,2734),(6156,'1큰술',64,2734),(6157,'약간',124,2734),(6158,'약간',84,2734),(6159,'2큰술',37,2734),(6160,'2큰술',40,2734),(6161,'10컵',76,2734),(6162,'2컵',125,2735),(6163,'1/2개',87,2735),(6164,'1/2뿌리',104,2735),(6165,'1/2작은술',39,2735),(6166,'약간',65,2735),(6167,'약간',36,2735),(6168,'약간',66,2735),(6169,'2큰술',75,2735),(6170,'10컵',76,2735),(6171,'1마리',126,2736),(6172,'50g',35,2736),(6173,'50g',19,2736),(6174,'1/4개',121,2736),(6175,'1개',59,2736),(6176,'2쪽',64,2736),(6177,'10컵',127,2736),(6178,'약간',36,2736),(6179,'약간',84,2736),(6180,'6조각',128,2737),(6181,'약간',84,2737),(6182,'40g',129,2737),(6183,'약간',36,2737),(6184,'1/2개',80,2737),(6185,'4개',130,2737),(6186,'60g',131,2737),(6187,'4개',132,2737),(6188,'만드는법 참조',133,2737),(6189,'약간',134,2737),(6190,'4개',135,2737),(6191,'2개',87,2738),(6192,'1작은술',63,2738),(6193,'1작은술',39,2738),(6194,'3큰술',75,2738),(6195,'3큰술',98,2738),(6196,'1큰술',42,2738),(6197,'약간',65,2738),(6198,'약간',66,2738),(6199,'10컵',76,2738),(6200,'1대',104,2738),(6201,'1개',59,2738),(6202,'4컵',76,2738),(6203,'약간',36,2738),(6204,'80g',136,2739),(6205,'80g',137,2739),(6206,'80g',138,2739),(6207,'6개',139,2739),(6208,'4개',140,2739),(6209,'60g',141,2739),(6210,'10개',119,2739),(6211,'2개',142,2739),(6212,'10개',143,2739),(6213,'2개',144,2739),(6214,'60g',80,2739),(6215,'40g',145,2739),(6216,'40g',56,2739),(6217,'40g',146,2739),(6218,'4잎',147,2739),(6219,'',148,2739),(6220,'10컵',149,2740),(6221,'20g',57,2740),(6222,'4컵',76,2740),(6223,'약간',36,2740),(6224,'300g',150,2741),(6225,'1개',79,2741),(6226,'50g',132,2741),(6227,'10g',151,2741),(6228,'40g',152,2741),(6229,'15g',153,2741),(6230,'20g',154,2741),(6231,'50g',131,2741),(6232,'50g',155,2741),(6233,'적량',156,2741),(6234,'20g',157,2741),(6235,'10g',158,2741),(6236,'600g',62,2742),(6237,'1큰술',159,2742),(6238,'1단',93,2742),(6239,'300g',160,2742),(6240,'약간',64,2742),(6241,'약간',84,2742),(6242,'8개',161,2742),(6243,'약간',40,2742),(6244,'약간',65,2742),(6245,'1큰술',42,2742),(6246,'1큰술',162,2742),(6247,'2큰술',38,2742),(6248,'3큰술',39,2742),(6249,'3큰술',163,2742),(6250,'1큰술',164,2742),(6251,'400g',62,2743),(6252,'200g',130,2743),(6253,'4개',165,2743),(6254,'1개',80,2743),(6255,'3톨',64,2743),(6256,'1큰술',75,2743),(6257,'1큰술',72,2743),(6258,'4큰술',166,2743),(6259,'1큰술',42,2743),(6260,'약간',36,2743),(6261,'약간',84,2743),(6262,'4큰술',124,2743),(6263,'10컵',76,2744),(6264,'2컵',52,2744),(6265,'약간',36,2744),(6266,'4컵',91,2744),(6267,'4큰술',167,2744),(6268,'2개',114,2745),(6269,'8장',54,2745),(6270,'1뿌리',104,2745),(6271,'2큰술',124,2745),(6272,'조금',76,2745),(6273,'3큰술',75,2745),(6274,'1큰술',38,2745),(6275,'1/2큰술',39,2745),(6276,'1/2큰술',40,2745),(6277,'1/2큰술',42,2745),(6278,'약간',36,2745),(6279,'약간',84,2745),(6280,'1단',57,2746),(6281,'100g',13,2746),(6282,'4장',54,2746),(6283,'1뿌리',104,2746),(6284,'1/2쪽',168,2746),(6285,'1큰술',75,2746),(6286,'1큰술',116,2746),(6287,'약간',36,2746),(6288,'약간',124,2746),(6289,'10장',169,2747),(6290,'1/2모',17,2747),(6291,'1작은술',65,2747),(6292,'1작은술',162,2747),(6293,'약간',36,2747),(6294,'1작은술',129,2747),(6295,'약간',170,2747),(6296,'5장',171,2747),(6297,'1/4개',56,2747),(6298,'1/2개',172,2747),(6299,'600g',19,2748),(6300,'1큰술',38,2748),(6301,'1과1/2작은술',39,2748),(6302,'2큰술',65,2748),(6303,'1큰술',40,2748),(6304,'약간',173,2748),(6305,'약간',36,2748),(6306,'약간',84,2748),(6307,'400g',174,2749),(6308,'4큰술',75,2749),(6309,'2큰술',72,2749),(6310,'1큰술',65,2749),(6311,'약간',36,2749),(6312,'약간',76,2749),(6313,'1모',17,2750),(6314,'2개',175,2750),(6315,'20장',151,2750),(6316,'1큰술',176,2750),(6317,'3큰술',98,2750),(6318,'5큰술',177,2750),(6319,'1큰술',75,2750),(6320,'약간',36,2750),(6321,'1컵',178,2751),(6322,'1/2개',56,2751),(6323,'4개',58,2751),(6324,'4큰술',124,2751),(6325,'2큰술',65,2751),(6326,'1큰술',75,2751),(6327,'약간',42,2751),(6328,'약간',116,2751),(6329,'1마리',179,2752),(6330,'1/4개',121,2752),(6331,'1개',79,2752),(6332,'1개',59,2752),(6333,'1/2뿌리',104,2752),(6334,'약간',76,2752),(6335,'4큰술',75,2752),(6336,'1큰술',41,2752),(6337,'1큰술',66,2752),(6338,'2톨',64,2752),(6339,'1/2개',168,2752),(6340,'2큰술',42,2752),(6341,'약간',65,2752),(6342,'약간',40,2752),(6343,'1마리',180,2753),(6344,'5큰술',75,2753),(6345,'2큰술',41,2753),(6346,'1과1/2큰술',66,2753),(6347,'1뿌리',104,2753),(6348,'3쪽',64,2753),(6349,'1큰술',164,2753),(6350,'약간',65,2753),(6351,'약간',84,2753),(6352,'1장',90,2754),(6353,'1모',17,2754),(6354,'5장',54,2754),(6355,'1/4개',56,2754),(6356,'2개',181,2754),(6357,'1큰술',182,2754),(6358,'1큰술',65,2754),(6359,'1작은술',36,2754),(6360,'1작은술',40,2754),(6361,'약간',84,2754),(6362,'2큰술',183,2754),(6363,'2큰술',184,2754),(6364,'300g',185,2755),(6365,'3컵',52,2755),(6366,'15컵',76,2755),(6367,'약간',36,2755),(6368,'약간',42,2755),(6369,'400g',19,2756),(6370,'100g',62,2756),(6371,'4장',54,2756),(6372,'1/2개',80,2756),(6373,'1/2개',56,2756),(6374,'1단',35,2756),(6375,'2개',15,2756),(6376,'약간',36,2756),(6377,'약간',65,2756),(6378,'2큰술',40,2756),(6379,'2큰술',124,2756),(6380,'2큰술',60,2756),(6381,'2작은술',42,2756),(6382,'약간',38,2756),(6383,'약간',39,2756),(6384,'약간',84,2756),(6385,'8장',186,2757),(6386,'300g',62,2757),(6387,'8개',187,2757),(6388,'1/2개',80,2757),(6389,'1컵',118,2757),(6390,'1작은술',109,2757),(6391,'1작은술',76,2757),(6392,'8개',188,2757),(6393,'약간',36,2757),(6394,'1큰술',75,2757),(6395,'1큰술',65,2757),(6396,'1큰술',116,2757),(6397,'2큰술',38,2757),(6398,'1큰술',39,2757),(6399,'1/2큰술',40,2757),(6400,'약간',189,2757),(6401,'약간',84,2757),(6402,'10통',64,2758),(6403,'15컵',76,2758),(6404,'1/2컵',36,2758),(6405,'5컵',98,2758),(6406,'1/2컵',75,2758),(6407,'2마리',111,2759),(6408,'2큰술',41,2759),(6409,'2큰술',38,2759),(6410,'1큰술',39,2759),(6411,'1큰술',72,2759),(6412,'1/2큰술',164,2759),(6413,'1/2큰술',40,2759),(6414,'1큰술',75,2759),(6415,'1큰술',42,2759),(6416,'1/2큰술',66,2759),(6417,'1작은술',65,2759),(6418,'300g',190,2760),(6419,'1작은술',164,2760),(6420,'3컵',124,2760),(6421,'1컵',118,2760),(6422,'30g',191,2760),(6423,'1/2개씩',80,2760),(6424,'1/2개씩',56,2760),(6425,'1개',165,2760),(6426,'1쪽',192,2760),(6427,'2큰술',98,2760),(6428,'3큰술',42,2760),(6429,'1개',15,2760),(6430,'4큰술',109,2760),(6431,'1큰술',116,2760),(6432,'1큰술',166,2760),(6433,'1쪽',64,2760),(6434,'1작은술',75,2760),(6435,'조금씩',36,2760),(6436,'조금씩',84,2760),(6437,'1.2kg',193,2761),(6438,'4큰술',163,2761),(6439,'2큰술',194,2761),(6440,'2큰술',72,2761),(6441,'2큰술',42,2761),(6442,'약간',195,2761),(6443,'약간',40,2761),(6444,'약간',84,2761),(6445,'2큰술',116,2761),(6446,'1/4컵',75,2761),(6447,'1/4컵',118,2761),(6448,'1/2뿌리',104,2761),(6449,'3쪽',64,2761),(6450,'1/2개',80,2761),(6451,'약간',107,2761),(6452,'약간',108,2761),(6453,'1작은술',164,2761),(6454,'3장',196,2761),(6455,'1개',15,2762),(6456,'1/2개',56,2762),(6457,'3톨',197,2762),(6458,'2컵',118,2762),(6459,'2큰술',198,2762),(6460,'2대',145,2762),(6461,'50g',62,2762),(6462,'1/2개',80,2762),(6463,'1/2컵',91,2762),(6464,'2장',196,2762),(6465,'400g',199,2762),(6466,'3큰술',200,2762),(6467,'5큰술',201,2762),(6468,'3컵',202,2762),(6469,'3컵',124,2762),(6470,'약간',36,2762),(6471,'약간',84,2762),(6472,'1.2kg',62,2763),(6473,'1/2개',121,2763),(6474,'1개',56,2763),(6475,'8장',54,2763),(6476,'8개',187,2763),(6477,'1개',15,2763),(6478,'2개',59,2763),(6479,'8알',203,2763),(6480,'1큰술',71,2763),(6481,'1컵',75,2763),(6482,'1/2컵',42,2763),(6483,'4큰술',116,2763),(6484,'1/2개',97,2763),(6485,'4큰술',38,2763),(6486,'2큰술',39,2763),(6487,'약간',65,2763),(6488,'약간',40,2763),(6489,'약간',84,2763),(6490,'2대',104,2763),(6491,'600g',199,2764),(6492,'2큰술',204,2764),(6493,'1쪽',168,2764),(6494,'1/2포기',205,2764),(6495,'약간',188,2764),(6496,'2큰술',206,2764),(6497,'1/2큰술',66,2764),(6498,'1큰술',38,2764),(6499,'1작은술',39,2764),(6500,'약간',65,2764),(6501,'약간',40,2764),(6502,'200g',121,2764),(6503,'50g',207,2764),(6504,'15g',35,2764),(6505,'20g',208,2764),(6506,'5뿌리',93,2764),(6507,'3큰술',66,2764),(6508,'2큰술',209,2764),(6509,'100g',113,2765),(6510,'1큰술',116,2765),(6511,'1/2뿌리',104,2765),(6512,'약간',36,2765),(6513,'약간',210,2765),(6514,'1과1/2큰술',41,2765),(6515,'1과1/2큰술',75,2765),(6516,'3큰술',72,2765),(6517,'1큰술',116,2765),(6518,'1큰술',39,2765),(6519,'1/2큰',164,2765),(6520,'1큰술',65,2765),(6521,'1큰술',40,2765),(6522,'1컵',211,2766),(6523,'100g',62,2766),(6524,'1/6개',121,2766),(6525,'1/4포기',212,2766),(6526,'1/2모',17,2766),(6527,'1/2뿌리',104,2766),(6528,'1큰술',39,2766),(6529,'약간',213,2766),(6530,'약간',36,2766),(6531,'4컵',76,2766),(6532,'800g',214,2767),(6533,'100g',199,2767),(6534,'200g',215,2767),(6535,'200g',212,2767),(6536,'1/2개',80,2767),(6537,'1/2뿌리',104,2767),(6538,'2큰술',66,2767),(6539,'1큰술',39,2767),(6540,'4개',15,2767),(6541,'약간',36,2767),(6542,'약간',84,2767),(6543,'약간',124,2767),(6544,'3컵',76,2767),(6545,'1마리',216,2768),(6546,'300g',121,2768),(6547,'1/2개',92,2768),(6548,'1/2모',17,2768),(6549,'3개',58,2768),(6550,'3개',59,2768),(6551,'1뿌리',104,2768),(6552,'5컵',76,2768),(6553,'4큰술',41,2768),(6554,'1큰술',66,2768),(6555,'2큰술',39,2768),(6556,'1작은술',105,2768),(6557,'약간',36,2768),(6558,'1/4포기',212,2769),(6559,'120g',199,2769),(6560,'1컵',217,2769),(6561,'1뿌리',104,2769),(6562,'1큰술',39,2769),(6563,'1작은술',40,2769),(6564,'4컵',118,2769),(6565,'3큰술',66,2769),(6566,'1/2작은술',164,2769),(6567,'1과1/2컵',218,2770),(6568,'1과1/2컵',76,2770),(6569,'200g',13,2770),(6570,'4장',219,2770),(6571,'3큰술',38,2770),(6572,'2큰술',39,2770),(6573,'약간',124,2770),(6574,'약간',36,2770),(6575,'3큰술',75,2770),(6576,'1/2큰술',66,2770),(6577,'1/2큰술',40,2770),(6578,'1/2큰술',65,2770),(6579,'2마리',220,2771),(6580,'40g',19,2771),(6581,'1/2모',17,2771),(6582,'2개',15,2771),(6583,'1뿌리',104,2771),(6584,'2작은술',39,2771),(6585,'약간',36,2771),(6586,'약간',84,2771),(6587,'약간',40,2771),(6588,'8컵',76,2771),(6589,'1개',59,2771),(6590,'5장',221,2772),(6591,'1/3뿌리',174,2772),(6592,'30g',62,2772),(6593,'1/4개',56,2772),(6594,'1공기',11,2772),(6595,'2큰술',75,2772),(6596,'1큰술',116,2772),(6597,'1큰술',42,2772),(6598,'조금',84,2772),(6599,'2와1/2컵',32,2773),(6600,'1장',90,2773),(6601,'1작은술',116,2773),(6602,'약간',36,2773),(6603,'4큰술',98,2773),(6604,'3큰술',42,2773),(6605,'20g',123,2773),(6606,'2장',54,2773),(6607,'10g',89,2773),(6608,'10g',222,2773),(6609,'약간',75,2773),(6610,'약간',72,2773),(6611,'20g',12,2773),(6612,'약간',84,2773),(6613,'약간',65,2773),(6614,'약간',40,2773),(6615,'약간',66,2773),(6616,'300g',223,2774),(6617,'8개',224,2774),(6618,'1개',87,2774),(6619,'2개',175,2774),(6620,'3큰술',39,2774),(6621,'1/2컵',98,2774),(6622,'1/2컵',118,2774),(6623,'3큰술',42,2774),(6624,'1/2큰술',75,2774),(6625,'1큰술',36,2774),(6626,'1큰술',40,2774),(6627,'10포기',205,2775),(6628,'5컵',36,2775),(6629,'5컵',66,2775),(6630,'1컵',76,2775),(6631,'1개',121,2775),(6632,'1/2단',208,2775),(6633,'1단',35,2775),(6634,'1단',93,2775),(6635,'1개',97,2775),(6636,'5뿌리',104,2775),(6637,'10쪽',64,2775),(6638,'3쪽',168,2775),(6639,'2컵',225,2775),(6640,'1큰술',42,2775),(6641,'1/2컵',65,2775),(6642,'3컵',36,2775),(6643,'2단',102,2776),(6644,'1단',226,2776),(6645,'1/2컵',36,2776),(6646,'50g',93,2776),(6647,'3개',58,2776),(6648,'13개',59,2776),(6649,'10쪽',64,2776),(6650,'1쪽',168,2776),(6651,'18컵',76,2776),(6652,'2큰술',91,2776),(6653,'10개',87,2777),(6654,'약간',36,2777),(6655,'1컵',66,2777),(6656,'1단',57,2777),(6657,'1큰술',38,2777),(6658,'1큰술',39,2777),(6659,'1작은술',105,2777),(6660,'1큰술',42,2777),(6661,'3큰술',60,2777),(6662,'1큰술',116,2777),(6663,'2컵',227,2777),(6664,'10컵',76,2777),(6665,'1/2포기',205,2778),(6666,'30g',35,2778),(6667,'2개',59,2778),(6668,'1/2쪽',168,2778),(6669,'1개',121,2778),(6670,'2뿌리',104,2778),(6671,'5쪽',64,2778),(6672,'1컵',36,2778),(6673,'1/2컵',66,2778),(6674,'20컵',76,2778),(6675,'1단',228,2779),(6676,'2컵',36,2779),(6677,'2뿌리',104,2779),(6678,'1/2컵',229,2779),(6679,'5큰술',39,2779),(6680,'2큰술',105,2779),(6681,'1/4컵',225,2779),(6682,'1/4컵',206,2779),(6683,'3큰술',42,2779),(6684,'3큰술',103,2779),(6685,'1컵',76,2779),(6686,'10컵',230,2779),(6687,'2컵',36,2779),(6688,'2개',121,2780),(6689,'1컵',207,2780),(6690,'조금',36,2780),(6691,'1컵',66,2780),(6692,'1/2단',35,2780),(6693,'1/2단',93,2780),(6694,'1단',208,2780),(6695,'5쪽',64,2780),(6696,'1/2컵',206,2780),(6697,'1큰술',36,2780),(6698,'1큰술',42,2780),(6699,'10개',121,2781),(6700,'20개',181,2781),(6701,'3컵',36,2781),(6702,'1/2단',208,2781),(6703,'1/2단',93,2781),(6704,'5쪽',64,2781),(6705,'5개',104,2781),(6706,'5개',231,2781),(6707,'10컵',76,2781),(6708,'2단',208,2782),(6709,'300g',121,2782),(6710,'1컵',36,2782),(6711,'1단',93,2782),(6712,'1과1/2컵',66,2782),(6713,'5쪽',64,2782),(6714,'1/2쪽',168,2782),(6715,'1/2컵',225,2782),(6716,'2큰술',65,2782),(6717,'3큰술',91,2782),(6718,'1컵',76,2782),(6719,'2마리',232,2783),(6720,'1/2개',92,2783),(6721,'1/3개',121,2783),(6722,'20g',160,2783),(6723,'1개',58,2783),(6724,'1개',59,2783),(6725,'1/2뿌리',104,2783),(6726,'2큰술',41,2783),(6727,'2큰술',66,2783),(6728,'1/2큰술',39,2783),(6729,'1작은술',105,2783),(6730,'2큰술',37,2783),(6731,'약간',36,2783),(6732,'약간',84,2783),(6733,'1kg',13,2784),(6734,'4개',79,2784),(6735,'2뿌리',104,2784),(6736,'6컵',76,2784),(6737,'4쪽',64,2784),(6738,'1쪽',168,2784),(6739,'1큰술',75,2784),(6740,'1큰술',66,2784),(6741,'1/2큰술',233,2784),(6742,'조금',36,2784),(6743,'조금',84,2784),(6744,'약간',234,2784),(6745,'1마리',235,2785),(6746,'50g',19,2785),(6747,'약간',45,2785),(6748,'한줌',35,2785),(6749,'2개',236,2785),(6750,'5장',108,2785),(6751,'3개',58,2785),(6752,'3개',59,2785),(6753,'3뿌리',104,2785),(6754,'4큰술',204,2785),(6755,'1큰술',39,2785),(6756,'약간',66,2785),(6757,'약간',84,2785),(6758,'10컵',76,2785),(6759,'2마리',237,2786),(6760,'100g',121,2786),(6761,'1개',80,2786),(6762,'1뿌리',104,2786),(6763,'3쪽',64,2786),(6764,'1쪽',168,2786),(6765,'3큰술',75,2786),(6766,'3큰술',229,2786),(6767,'10컵',76,2786),(6768,'약간',36,2786),(6769,'8개',238,2787),(6770,'50g',62,2787),(6771,'1/4개',121,2787),(6772,'70g',19,2787),(6773,'1뿌리',104,2787),(6774,'1개',59,2787),(6775,'2줄기',239,2787),(6776,'4컵',76,2787),(6777,'2큰술',75,2787),(6778,'1큰술',38,2787),(6779,'1큰술',39,2787),(6780,'1큰술',116,2787),(6781,'약간',36,2787),(6782,'약간',84,2787),(6783,'2큰술',66,2787),(6784,'1작은술',240,2787),(6785,'1/2작은술',42,2787),(6786,'약간',39,2787),(6787,'약간',38,2787),(6788,'약간',65,2787),(6789,'300g',241,2788),(6790,'200g',219,2788),(6791,'4큰술',204,2788),(6792,'2쪽',64,2788),(6793,'1/3개',168,2788),(6794,'1큰술',124,2788),(6795,'100g',62,2788),(6796,'2개',58,2788),(6797,'1개',59,2788),(6798,'1뿌리',104,2788),(6799,'9컵',127,2788),(6800,'1/2큰술',75,2788),(6801,'200g',62,2789),(6802,'5장',219,2789),(6803,'1봉',242,2789),(6804,'3장',54,2789),(6805,'1/4개',56,2789),(6806,'2묶음',160,2789),(6807,'1/2개',80,2789),(6808,'1뿌리',104,2789),(6809,'30g',243,2789),(6810,'30g',244,2789),(6811,'30g',121,2789),(6812,'200g',101,2789),(6813,'약간',239,2789),(6814,'1장',90,2789),(6815,'1큰술',116,2789),(6816,'약간',36,2789),(6817,'3큰술',75,2789),(6818,'3큰술',98,2789),(6819,'3큰술',116,2789),(6820,'6컵',76,2789),(6821,'400g',101,2790),(6822,'200g',62,2790),(6823,'100g',205,2790),(6824,'1/2개',92,2790),(6825,'100g',160,2790),(6826,'1개',80,2790),(6827,'2뿌리',104,2790),(6828,'8컵',76,2790),(6829,'약간',36,2790),(6830,'2큰술',66,2790),(6831,'2큰술',60,2790),(6832,'1큰술',39,2790),(6833,'조금씩',84,2790),(6834,'약간',124,2790),(6835,'2마리',245,2791),(6836,'60g',112,2791),(6837,'80g',62,2791),(6838,'1/4모',17,2791),(6839,'5뿌리',93,2791),(6840,'3장',54,2791),(6841,'2개',59,2791),(6842,'약간',239,2791),(6843,'1개',15,2791),(6844,'약간',91,2791),(6845,'약간',36,2791),(6846,'약간',124,2791),(6847,'4컵',76,2791),(6848,'2큰술',75,2791),(6849,'2큰술',38,2791),(6850,'1작은술',39,2791),(6851,'약간',65,2791),(6852,'약간',40,2791),(6853,'약간',42,2791),(6854,'약간',36,2791),(6855,'400g',246,2792),(6856,'100g',241,2792),(6857,'40g',19,2792),(6858,'2큰술',204,2792),(6859,'1큰술',41,2792),(6860,'3큰술',39,2792),(6861,'4큰술',60,2792),(6862,'1큰술',66,2792),(6863,'1큰술',39,2792),(6864,'4큰술',38,2792),(6865,'조금',65,2792),(6866,'조금',40,2792),(6867,'4공기',11,2793),(6868,'300g',19,2793),(6869,'200g',12,2793),(6870,'1큰술',39,2793),(6871,'1뿌리',93,2793),(6872,'80g',247,2793),(6873,'2개',58,2793),(6874,'1큰술',65,2793),(6875,'2장',8,2793),(6876,'4개',15,2793),(6877,'2컵',99,2793),(6878,'약간',206,2793),(6879,'400g',62,2794),(6880,'600g',248,2794),(6881,'400g',121,2794),(6882,'2뿌리',104,2794),(6883,'8쪽',64,2794),(6884,'4큰술',37,2794),(6885,'약간',36,2794),(6886,'약간',249,2794),(6887,'100g',101,2794),(6888,'1큰술',38,2794),(6889,'1큰술',39,2794),(6890,'4큰술',60,2794),(6891,'약간',40,2794),(6892,'300g',250,2795),(6893,'1개',251,2795),(6894,'1개',252,2795),(6895,'600g',46,2795),(6896,'1뿌리',63,2795),(6897,'1통',64,2795),(6898,'100g',253,2795),(6899,'약간',36,2795),(6900,'약간',249,2795),(6901,'20컵',76,2795),(6902,'1/2개',252,2796),(6903,'400g',62,2796),(6904,'20컵',76,2796),(6905,'1/2큰술',168,2796),(6906,'1큰술',36,2796),(6907,'2뿌리',63,2796),(6908,'4큰술',38,2796),(6909,'4큰술',229,2796),(6910,'3큰술',39,2796),(6911,'2큰술',60,2796),(6912,'1작은술',168,2796),(6913,'1큰술',36,2796),(6914,'약간',249,2796),(6915,'600g',62,2797),(6916,'400g',121,2797),(6917,'100g',53,2797),(6918,'2뿌리',104,2797),(6919,'6쪽',197,2797),(6920,'약간',36,2797),(6921,'3큰술',37,2797),(6922,'1큰술',38,2797),(6923,'1큰술',116,2797),(6924,'약간',40,2797),(6925,'약간',249,2797),(6926,'800g',62,2798),(6927,'400g',121,2798),(6928,'10컵',76,2798),(6929,'3큰술',37,2798),(6930,'2큰술',38,2798),(6931,'1큰술',39,2798),(6932,'1작은술',40,2798),(6933,'약간',249,2798),(6934,'4단',57,2799),(6935,'3큰술',39,2799),(6936,'1/2쪽',168,2799),(6937,'3개',59,2799),(6938,'1/2컵',225,2799),(6939,'1/2컵',66,2799),(6940,'1큰술',42,2799),(6941,'약간',36,2799),(6942,'2단',93,2800),(6943,'1컵',254,2800),(6944,'1과 1/2작은술',39,2800),(6945,'1작은술',105,2800),(6946,'1컵',66,2800),(6947,'2큰술',42,2800),(6948,'약간',36,2800),(6949,'2큰술',65,2800),(6950,'5포기',205,2801),(6951,'2개',121,2801),(6952,'10개',187,2801),(6953,'3개',97,2801),(6954,'10개',70,2801),(6955,'4큰술',39,2801),(6956,'약간',255,2801),(6957,'2뿌리',104,2801),(6958,'1/2단',35,2801),(6959,'5g',173,2801),(6960,'2큰술',71,2801),(6961,'3컵',256,2801),(6962,'12컵',76,2801),(6963,'2개',257,2801),(6964,'1개',258,2801),(6965,'6큰술',259,2801),(6966,'30컵',76,2801),(6967,'100장',108,2802),(6968,'1컵',60,2802),(6969,'2큰술',66,2802),(6970,'2뿌리',63,2802),(6971,'5쪽',64,2802),(6972,'1쪽',168,2802),(6973,'2큰술',65,2802),(6974,'5g',173,2802),(6975,'10개',87,2803),(6976,'1/2컵',41,2803),(6977,'1개',59,2803),(6978,'1뿌리',93,2803),(6979,'1큰술',39,2803),(6980,'1/2큰술',66,2803),(6981,'1작은술',40,2803),(6982,'1작은술',65,2803),(6983,'1작은술',42,2803),(6984,'2컵',51,2804),(6985,'1/2컵',42,2804),(6986,'1컵',75,2804),(6987,'약간',65,2804),(6988,'1컵',76,2804),(6989,'약간',40,2804),(6990,'400g',62,2805),(6991,'1/2뿌리',104,2805),(6992,'1통',64,2805),(6993,'1쪽',168,2805),(6994,'4컵',76,2805),(6995,'4개',15,2805),(6996,'2개',59,2805),(6997,'1컵',60,2805),(6998,'1/4컵',42,2805),(6999,'약간',40,2805),(7000,'300g',260,2806),(7001,'2큰술',124,2806),(7002,'1작은술',195,2806),(7003,'3큰술',60,2806),(7004,'1큰술',42,2806),(7005,'1큰술',116,2806),(7006,'5큰술',76,2806),(7007,'1단',93,2807),(7008,'1/2컵',207,2807),(7009,'1/2컵',113,2807),(7010,'1/2컵',261,2807),(7011,'1컵',91,2807),(7012,'2개',15,2807),(7013,'약간',124,2807),(7014,'약간',36,2807),(7015,'1컵',47,2807),(7016,'2개',87,2808),(7017,'2작은술',36,2808),(7018,'1큰술',38,2808),(7019,'1/2큰술',39,2808),(7020,'1/2큰술',65,2808),(7021,'1큰술',40,2808),(7022,'약간',173,2808),(7023,'100g',262,2809),(7024,'1컵',119,2809),(7025,'3큰술',204,2809),(7026,'10cm',90,2809),(7027,'1뿌리',104,2809),(7028,'3쪽',64,2809),(7029,'10컵',76,2809),(7030,'약간',36,2809),(7031,'4개',15,2810),(7032,'1큰술',38,2810),(7033,'1작은술',39,2810),(7034,'1작은술',36,2810),(7035,'약간',84,2810),(7036,'1컵',76,2810),(7037,'2큰술',124,2810),(7038,'5cm',90,2810),(7039,'1마리',180,2811),(7040,'4큰술',60,2811),(7041,'2작은술',64,2811),(7042,'약간',84,2811),(7043,'4큰술',109,2811),(7044,'2큰술',41,2811),(7045,'2큰술',72,2811),(7046,'3큰술',233,2811),(7047,'약간',65,2811),(7048,'1/4통',205,2812),(7049,'5큰술',36,2812),(7050,'2큰술',38,2812),(7051,'1큰술',39,2812),(7052,'1/2큰술',105,2812),(7053,'1/4컵',66,2812),(7054,'1큰술',60,2812),(7055,'1큰술',206,2812),(7056,'2큰술',42,2812),(7057,'1작은술',195,2812),(7058,'약간',40,2812),(7059,'200g',263,2813),(7060,'1큰술',75,2813),(7061,'1작은술',40,2813),(7062,'2큰술',41,2813),(7063,'2큰술',76,2813),(7064,'1큰술',42,2813),(7065,'1/2큰술',66,2813),(7066,'1큰술',38,2813),(7067,'1작은술',39,2813),(7068,'1작은술',65,2813),(7069,'1큰술',42,2813),(7070,'3개',79,2814),(7071,'100g',89,2814),(7072,'10개',264,2814),(7073,'3큰술',124,2814),(7074,'3큰술',60,2814),(7075,'1큰술',72,2814),(7076,'1큰술',116,2814),(7077,'약간',65,2814),(7078,'2마리',265,2815),(7079,'2컵',76,2815),(7080,'1큰술',40,2815),(7081,'5개',58,2815),(7082,'4큰술',60,2815),(7083,'1큰술',42,2815),(7084,'1큰술',39,2815),(7085,'약간',65,2815),(7086,'1큰술',38,2815),(7087,'약간',84,2815),(7088,'50g',114,2816),(7089,'50g',62,2816),(7090,'1작은술',233,2816),(7091,'1작은술',75,2816),(7092,'1작은술',109,2816),(7093,'약간',36,2816),(7094,'약간',84,2816),(7095,'1큰술',124,2816),(7096,'1작은술',40,2816),(7097,'1작은술',39,2816),(7098,'1작은술',164,2816),(7099,'30g',266,2816),(7100,'1개',92,2817),(7101,'약간',36,2817),(7102,'2큰술',91,2817),(7103,'2개',15,2817),(7104,'1큰술',60,2817),(7105,'1작은술',98,2817),(7106,'약간',239,2817),(7107,'3큰술',124,2817),(7108,'6큰술',76,2818),(7109,'1개',86,2818),(7110,'2큰술',75,2818),(7111,'1/3개',56,2818),(7112,'2큰술',42,2818),(7113,'2컵',124,2818),(7114,'1/4개',114,2818),(7115,'1개',110,2818),(7116,'3장',54,2818),(7117,'300g',13,2818),(7118,'1큰술',109,2818),(7119,'1개',85,2818),(7120,'2큰술',98,2818),(7121,'2작은술',267,2818),(7122,'6큰술',76,2818),(7123,'1컵',268,2819),(7124,'4개',15,2819),(7125,'4개',269,2819),(7126,'10g',270,2819),(7127,'4알',203,2819),(7128,'약간',36,2819),(7129,'약간',206,2819),(7130,'약간',93,2819),(7131,'약간',195,2819),(7132,'약간',71,2819),(7133,'500g',62,2820),(7134,'4큰술',60,2820),(7135,'4큰술',163,2820),(7136,'2큰술',42,2820),(7137,'3큰술',38,2820),(7138,'1큰술',39,2820),(7139,'1큰술',65,2820),(7140,'약간',84,2820),(7141,'1큰술',40,2820),(7142,'1단',57,2821),(7143,'2개',58,2821),(7144,'2개',59,2821),(7145,'3컵',91,2821),(7146,'1개',15,2821),(7147,'약간',36,2821),(7148,'600g',271,2822),(7149,'2큰술',164,2822),(7150,'2큰술',233,2822),(7151,'5큰술',60,2822),(7152,'2큰술',38,2822),(7153,'1큰술',39,2822),(7154,'1큰술',66,2822),(7155,'2큰술',42,2822),(7156,'조금',65,2822),(7157,'조금',107,2822),(7158,'조금',108,2822),(7159,'3컵',32,2823),(7160,'3큰술',98,2823),(7161,'1큰술',42,2823),(7162,'1작은술',36,2823),(7163,'150g',272,2823),(7164,'150g',111,2823),(7165,'100g',273,2823),(7166,'8마리',112,2823),(7167,'약간',274,2823),(7168,'1통',275,2824),(7169,'50g',121,2824),(7170,'2큰술',60,2824),(7171,'약간',164,2824),(7172,'1큰술',38,2824),(7173,'1작은술',39,2824),(7174,'1/2큰술',66,2824),(7175,'1/2컵',76,2824),(7176,'1큰술',124,2824),(7177,'200g',12,2825),(7178,'100g',62,2825),(7179,'5장',54,2825),(7180,'100g',276,2825),(7181,'1/2컵',91,2825),(7182,'3개',15,2825),(7183,'3큰술',124,2825),(7184,'약간',40,2825),(7185,'약간',36,2825),(7186,'2마리',245,2826),(7187,'1큰술',36,2826),(7188,'1개',80,2826),(7189,'1/2개',55,2826),(7190,'2뿌리',104,2826),(7191,'2개',58,2826),(7192,'2개',59,2826),(7193,'2큰술',41,2826),(7194,'1/2큰술',66,2826),(7195,'1큰술',75,2826),(7196,'1/2큰술',40,2826),(7197,'약간',164,2826),(7198,'1작은술',42,2826),(7199,'1큰술',65,2826),(7200,'1모',17,2827),(7201,'1/2포기',212,2827),(7202,'1큰술',38,2827),(7203,'1/2큰술',39,2827),(7204,'10장',108,2827),(7205,'1큰술',65,2827),(7206,'1큰술',40,2827),(7207,'약간',36,2827),(7208,'4개',15,2828),(7209,'2큰술',82,2828),(7210,'1/3작은술',36,2828),(7211,'약간',84,2828),(7212,'1큰술',124,2828),(7213,'1큰술',198,2828),(7214,'약간',166,2828),(7215,'4장',277,2829),(7216,'100g',62,2829),(7217,'100g',13,2829),(7218,'1/4개',80,2829),(7219,'1/4개',56,2829),(7220,'1/2개',15,2829),(7221,'1/3작은술',36,2829),(7222,'약간',84,2829),(7223,'1/5작은술',278,2829),(7224,'1/3컵',202,2829),(7225,'2컵',76,2829),(7226,'1/2큰술',75,2829),(7227,'1모',17,2830),(7228,'100g',122,2830),(7229,'1/2개',80,2830),(7230,'1/2개',59,2830),(7231,'1/4컵',75,2830),(7232,'1큰술',40,2830),(7233,'1큰술',42,2830),(7234,'1큰술',195,2830),(7235,'800g',11,2831),(7236,'2개',15,2831),(7237,'200g',13,2831),(7238,'50g',56,2831),(7239,'1개',80,2831),(7240,'4장',54,2831),(7241,'1뿌리',104,2831),(7242,'약간',36,2831),(7243,'약간',84,2831),(7244,'약간',124,2831),(7245,'4개',279,2832),(7246,'1/4포기',212,2832),(7247,'4개',54,2832),(7248,'50g',19,2832),(7249,'1개',58,2832),(7250,'1개',59,2832),(7251,'1/8개',56,2832),(7252,'30g',280,2832),(7253,'2개',224,2832),(7254,'1큰술',39,2832),(7255,'1/2뿌리',104,2832),(7256,'2큰술',66,2832),(7257,'약간',40,2832),(7258,'약간',65,2832),(7259,'4개',15,2833),(7260,'100g',101,2833),(7261,'200g',112,2833),(7262,'2개',224,2833),(7263,'약간',281,2833),(7264,'약간',35,2833),(7265,'1/2컵',282,2833),(7266,'2큰술',75,2833),(7267,'1큰술',283,2833),(7268,'약간',284,2833),(7269,'약간',121,2833),(7270,'약간',36,2833),(7271,'2마리',275,2834),(7272,'1/2작은술',36,2834),(7273,'1뿌리',93,2834),(7274,'4큰술',75,2834),(7275,'2큰술',42,2834),(7276,'3큰술',116,2834),(7277,'2큰술',76,2834),(7278,'1쪽',168,2834),(7279,'1개',79,2835),(7280,'2개',58,2835),(7281,'1개',59,2835),(7282,'2와1/2큰술',124,2835),(7283,'1큰술',75,2835),(7284,'1큰술',40,2835),(7285,'1작은술',42,2835),(7286,'1/2작은술',36,2835),(7287,'약간',285,2835),(7288,'100g',286,2836),(7289,'1/4개',80,2836),(7290,'80g',13,2836),(7291,'1작은술',116,2836),(7292,'1큰술',75,2836),(7293,'1쪽',168,2836),(7294,'1/2뿌리',287,2836),(7295,'2쪽',64,2836),(7296,'1쪽',168,2836),(7297,'3큰술',124,2836),(7298,'약간',84,2836),(7299,'1/2작은술',36,2836),(7300,'1작은술',40,2836),(7301,'1/2모',288,2837),(7302,'1/2모',34,2837),(7303,'1/2개',87,2837),(7304,'1개',224,2837),(7305,'2큰술',75,2837),(7306,'1작은술',42,2837),(7307,'1큰술',98,2837),(7308,'1개',59,2837),(7309,'1작은술',40,2837),(7310,'1작은술',65,2837),(7311,'1마리',289,2838),(7312,'1/2작은술',36,2838),(7313,'1큰술',116,2838),(7314,'1/3컵',109,2838),(7315,'약간',124,2838),(7316,'2큰술',75,2838),(7317,'2작은술',42,2838),(7318,'1큰술',290,2838),(7319,'1개',291,2838),(7320,'1쪽',168,2838),(7321,'1/2컵',76,2838),(7322,'1개',292,2839),(7323,'20g',293,2839),(7324,'1큰술',124,2839),(7325,'1작은술',60,2839),(7326,'1작은술',38,2839),(7327,'1작은술',39,2839),(7328,'1/2큰술',40,2839),(7329,'1/2큰술',65,2839),(7330,'약간',36,2839),(7331,'400g',62,2840),(7332,'2봉지',242,2840),(7333,'1토막',56,2840),(7334,'150g',57,2840),(7335,'5컵',118,2840),(7336,'4컵',76,2840),(7337,'15cm',90,2840),(7338,'3큰술',233,2840),(7339,'4큰술',65,2840),(7340,'1큰술',204,2840),(7341,'1큰술',42,2840),(7342,'2큰술',75,2840),(7343,'2큰술',283,2840),(7344,'300g',62,2841),(7345,'1개',80,2841),(7346,'1큰술',38,2841),(7347,'1/2큰술',39,2841),(7348,'3큰술',75,2841),(7349,'2큰술',42,2841),(7350,'약간',65,2841),(7351,'1큰술',40,2841),(7352,'1작은술',84,2841),(7353,'약간',91,2841),(7354,'200g',294,2842),(7355,'50g',87,2842),(7356,'30g',104,2842),(7357,'50g',80,2842),(7358,'30g',56,2842),(7359,'½대',145,2842),(7360,'3큰술',41,2842),(7361,'3큰술',66,2842),(7362,'3큰술',98,2842),(7363,'1큰술',60,2842),(7364,'1과½큰술',42,2842),(7365,'1큰술',65,2842),(7366,'1큰술',40,2842),(7367,'2큰술',39,2842),(7368,'100g',295,2842),(7369,'1/2모',17,2843),(7370,'약간',59,2843),(7371,'1과1/2큰술',75,2843),(7372,'1/2큰술',42,2843),(7373,'1/2큰술',72,2843),(7374,'약간',84,2843),(7375,'약간',195,2843),(7376,'약간',40,2843),(7377,'약간',173,2843),(7378,'30g',62,2844),(7379,'1/4쪽',97,2844),(7380,'1작은술',296,2844),(7381,'1/2개',87,2844),(7382,'약간',71,2844),(7383,'4장',107,2844),(7384,'2와1/2작은술',75,2844),(7385,'1작은술',40,2844),(7386,'1작은술',65,2844),(7387,'1/2작은술',84,2844),(7388,'1과1/2작은술',42,2844),(7389,'1개',156,2844),(7390,'150g',297,2845),(7391,'3/4컵',298,2845),(7392,'10g',280,2845),(7393,'10g',299,2845),(7394,'1/2작은술',151,2845),(7395,'5g',80,2845),(7396,'약간',155,2845),(7397,'7g',198,2845),(7398,'약간',36,2845),(7399,'1컵',82,2845),(7400,'약간',84,2845),(7401,'2마리',9,2846),(7402,'1/2컵',48,2846),(7403,'4쪽',64,2846),(7404,'4개',70,2846),(7405,'4뿌리',300,2846),(7406,'1뿌리',104,2846),(7407,'1쪽',168,2846),(7408,'8컵',76,2846),(7409,'약간',36,2846),(7410,'약간',84,2846),(7411,'300g',11,2847),(7412,'100g',62,2847),(7413,'30g',56,2847),(7414,'약간',124,2847),(7415,'약간',36,2847),(7416,'1큰술',75,2847),(7417,'1/2큰술',42,2847),(7418,'2작은술',38,2847),(7419,'1작은술',39,2847),(7420,'1작은술',40,2847),(7421,'약간',84,2847),(7422,'2장',107,2847),(7423,'약간',65,2847),(7424,'10g',210,2847),(7425,'1개',175,2847),(7426,'30g',85,2847),(7427,'10장',221,2848),(7428,'4개',15,2848),(7429,'1컵',76,2848),(7430,'1작은술',75,2848),(7431,'1작은술',36,2848),(7432,'1작은술',42,2848),(7433,'1작은술',36,2848),(7434,'약간',84,2848),(7435,'12뿌리',93,2848),(7436,'30g',301,2848),(7437,'2개',79,2849),(7438,'3큰술',198,2849),(7439,'3큰술',82,2849),(7440,'4작은술',42,2849),(7441,'1/2작은술',68,2849),(7442,'약간',189,2849),(7443,'50g',302,2849),(7444,'1개',303,2849),(7445,'4장',304,2850),(7446,'200g',62,2850),(7447,'4잎',305,2850),(7448,'1개',175,2850),(7449,'4개',306,2850),(7450,'4장',307,2850),(7451,'2큰술',198,2850),(7452,'2작은술',106,2850),(7453,'1/4작은술',36,2850),(7454,'약간',84,2850),(7455,'4공기',11,2851),(7456,'80g',62,2851),(7457,'100g',160,2851),(7458,'3장',54,2851),(7459,'3개',130,2851),(7460,'6장',191,2851),(7461,'1/2봉지',242,2851),(7462,'1/2개',80,2851),(7463,'1/3개',56,2851),(7464,'3줄기',35,2851),(7465,'2큰술',75,2851),(7466,'1큰술',308,2851),(7467,'약간',118,2851),(7468,'2큰술',109,2851),(7469,'1작은술',40,2851),(7470,'약간',84,2851),(7471,'2작은술',75,2851),(7472,'1작은술',42,2851),(7473,'1~2큰술',116,2851),(7474,'약간',39,2851),(7475,'50g',305,2852),(7476,'100g',9,2852),(7477,'1뿌리',300,2852),(7478,'1/4개',97,2852),(7479,'4개',187,2852),(7480,'2개',70,2852),(7481,'1/4개',87,2852),(7482,'2작은술',309,2852),(7483,'3큰술',310,2852),(7484,'약간씩',42,2852),(7485,'약간',84,2852),(7486,'1큰술',129,2852),(7487,'1큰술',42,2852),(7488,'약간',311,2852),(7489,'약간',36,2852),(7490,'200g',312,2853),(7491,'1마리',111,2853),(7492,'8마리',112,2853),(7493,'3큰술',310,2853),(7494,'2작은술',309,2853),(7495,'약간',36,2853),(7496,'1개',313,2854),(7497,'1개',314,2854),(7498,'1대',145,2854),(7499,'1개',87,2854),(7500,'4개',315,2854),(7501,'4큰술',316,2854),(7502,'160g',317,2855),(7503,'40g',318,2855),(7504,'30g',319,2855),(7505,'30g',80,2855),(7506,'약간',153,2855),(7507,'1작은술',176,2855),(7508,'2큰술',131,2855),(7509,'70g',320,2856),(7510,'4개',130,2856),(7511,'4장',299,2856),(7512,'1큰술',321,2856),(7513,'4큰술',322,2856),(7514,'1/2컵',323,2856),(7515,'1과 1/2컵',131,2856),(7516,'약간',36,2856),(7517,'약간',84,2856),(7518,'2개',79,2857),(7519,'1개',56,2857),(7520,'1개',80,2857),(7521,'2대',145,2857),(7522,'8개',130,2857),(7523,'4개',324,2857),(7524,'6컵',76,2857),(7525,'1장',196,2857),(7526,'2큰술',198,2857),(7527,'약간',36,2857),(7528,'약간',84,2857),(7529,'150g',280,2858),(7530,'2개',325,2858),(7531,'5장',299,2858),(7532,'1/2포기',12,2858),(7533,'1/3모',17,2858),(7534,'2개',59,2858),(7535,'2개',58,2858),(7536,'10장',108,2858),(7537,'50g',297,2858),(7538,'약간',239,2858),(7539,'2개',130,2858),(7540,'4컵',76,2858),(7541,'3큰술',66,2858),(7542,'1작은술',41,2858),(7543,'1큰술',42,2858),(7544,'1큰술',38,2858),(7545,'1작은술',39,2858),(7546,'300g',326,2859),(7547,'150g',248,2859),(7548,'1뿌리',104,2859),(7549,'2쪽',64,2859),(7550,'1톨',168,2859),(7551,'6컵',76,2859),(7552,'⅓개',56,2859),(7553,'100g',277,2859),(7554,'1개',80,2859),(7555,'4장',54,2859),(7556,'60g',35,2859),(7557,'100g',327,2859),(7558,'약간',239,2859),(7559,'약간',36,2859),(7560,'약간',249,2859),(7561,'1큰술',66,2859),(7562,'1큰술',41,2859),(7563,'1큰술',75,2859),(7564,'2큰술',38,2859),(7565,'약간',91,2859),(7566,'500g',328,2860),(7567,'120g',329,2860),(7568,'300g',19,2860),(7569,'50g',35,2860),(7570,'1대',104,2860),(7571,'10장',108,2860),(7572,'4큰술',103,2860),(7573,'1작은술',40,2860),(7574,'약간',61,2860),(7575,'약간',36,2860),(7576,'3큰술',66,2860),(7577,'1큰술',41,2860),(7578,'½큰술',60,2860),(7579,'1작은술',42,2860),(7580,'300g',330,2861),(7581,'6g',331,2861),(7582,'30g',42,2861),(7583,'5g',36,2861),(7584,'1개',15,2861),(7585,'150ml',82,2861),(7586,'45g',198,2861),(7587,'100g',332,2861),(7588,'약간',333,2861),(7589,'½개',156,2861),(7590,'½컵',82,2861),(7591,'1큰술',334,2861),(7592,'300g',13,2862),(7593,'¼작은술',36,2862),(7594,'2작은술',164,2862),(7595,'5개',335,2862),(7596,'1봉',336,2862),(7597,'3큰술',103,2862),(7598,'약간',249,2862),(7599,'약간',124,2862),(7600,'',161,2862),(7601,'200g',205,2863),(7602,'1/4개',121,2863),(7603,'60g',62,2863),(7604,'8컵',76,2863),(7605,'1/2뿌리',104,2863),(7606,'약간',124,2863),(7607,'2작은술',41,2863),(7608,'2큰술',204,2863),(7609,'약간',36,2863),(7610,'1작은술',38,2863),(7611,'1작은술',39,2863),(7612,'1작은술',40,2863),(7613,'1작은술',65,2863),(7614,'약간',84,2863),(7615,'2되',47,2864),(7616,'2큰술',36,2864),(7617,'300g',337,2864),(7618,'10알',70,2864),(7619,'약간',338,2864),(7620,'약간',40,2864),(7621,'1컵',339,2864),(7622,'약간',36,2864),(7623,'1/2컵씩',340,2864),(7624,'1/2컵씩',341,2864),(7625,'2큰술',162,2864),(7626,'2큰술',42,2864),(7627,'10컵',76,2864),(7628,'약간',68,2864),(7629,'2컵',341,2865),(7630,'1과1/3컵',76,2865),(7631,'1작은술',36,2865),(7632,'100g',13,2865),(7633,'100g',43,2865),(7634,'200g',160,2865),(7635,'4장',255,2865),(7636,'1/4뿌리',104,2865),(7637,'약간',173,2865),(7638,'2작은술',75,2865),(7639,'1큰술',38,2865),(7640,'1/2큰술',39,2865),(7641,'1작은술',40,2865),(7642,'1작은술',65,2865),(7643,'약간',84,2865),(7644,'약간',342,2865),(7645,'150g',343,2866),(7646,'3장',54,2866),(7647,'100g',44,2866),(7648,'1개',56,2866),(7649,'1개',87,2866),(7650,'약간씩',344,2866),(7651,'2큰술',60,2866),(7652,'1큰술',42,2866),(7653,'1큰술',38,2866),(7654,'2작은술',39,2866),(7655,'2작은술',65,2866),(7656,'1작은술',40,2866),(7657,'약간',249,2866),(7658,'300g',345,2867),(7659,'200g',62,2867),(7660,'15cm',90,2867),(7661,'200g',121,2867),(7662,'1/2뿌리',104,2867),(7663,'1큰술',37,2867),(7664,'1큰술',39,2867),(7665,'약간',84,2867),(7666,'약간',40,2867),(7667,'약간',36,2867),(7668,'100g',62,2868),(7669,'5g',191,2868),(7670,'40g',242,2868),(7671,'2뿌리',93,2868),(7672,'3개',59,2868),(7673,'3컵',76,2868),(7674,'1작은술',37,2868),(7675,'약간',36,2868),(7676,'1큰술',75,2868),(7677,'1작은술',42,2868),(7678,'1작은술',38,2868),(7679,'1/2큰술',39,2868),(7680,'1큰술',40,2868),(7681,'1/2큰술',65,2868),(7682,'약간',84,2868),(7683,'1마리',289,2869),(7684,'1/3개',121,2869),(7685,'1/2뿌리',104,2869),(7686,'2큰술',75,2869),(7687,'1큰술',41,2869),(7688,'1큰술',66,2869),(7689,'1큰술',42,2869),(7690,'1큰술',116,2869),(7691,'3큰술',38,2869),(7692,'2큰술',39,2869),(7693,'1큰술',164,2869),(7694,'1/4작은술',84,2869),(7695,'약간',173,2869),(7696,'2/3컵',76,2869),(7697,'100g',53,2870),(7698,'100g',62,2870),(7699,'800g',160,2870),(7700,'1/2개',80,2870),(7701,'1/4개',97,2870),(7702,'1/2개',87,2870),(7703,'1/2개',56,2870),(7704,'약간',36,2870),(7705,'약간',84,2870),(7706,'2큰술',40,2870),(7707,'약간',195,2870),(7708,'2큰술',75,2870),(7709,'1큰술',162,2870),(7710,'1작은술',346,2870),(7711,'1/2작은술',39,2870),(7712,'약간',40,2870),(7713,'1큰술',124,2870),(7714,'1/2작은술',42,2870),(7715,'2/3큰술',75,2870),(7716,'1큰술',41,2871),(7717,'1/4개',80,2871),(7718,'5톨',64,2871),(7719,'1/5뿌리',63,2871),(7720,'1큰술',66,2871),(7721,'1작은술',40,2871),(7722,'3큰술',204,2871),(7723,'1/8포기',212,2872),(7724,'80g',13,2872),(7725,'50g',114,2872),(7726,'2개',130,2872),(7727,'1/2개',165,2872),(7728,'1개',291,2872),(7729,'1/2뿌리',104,2872),(7730,'2톨',64,2872),(7731,'1/3개',168,2872),(7732,'1큰술',116,2872),(7733,'약간',36,2872),(7734,'약간',249,2872),(7735,'약간',40,2872),(7736,'1작은술',75,2872),(7737,'약간',124,2872),(7738,'500g',180,2873),(7739,'약간',124,2873),(7740,'1큰술',75,2873),(7741,'1큰술',116,2873),(7742,'1큰술',124,2873),(7743,'1큰술',39,2873),(7744,'1작은술',164,2873),(7745,'2큰술',38,2873),(7746,'약간',84,2873),(7747,'3큰술',267,2873),(7748,'3큰술',347,2873),(7749,'약간',36,2873),(7750,'2마리',111,2874),(7751,'70g',62,2874),(7752,'2장',54,2874),(7753,'30g',56,2874),(7754,'50g',17,2874),(7755,'30g',53,2874),(7756,'40g',165,2874),(7757,'30g',305,2874),(7758,'1/2큰술',42,2874),(7759,'2큰술',38,2874),(7760,'1큰술',39,2874),(7761,'1큰술',40,2874),(7762,'⅛작은술',84,2874),(7763,'2큰술',75,2874),(7764,'2작은술',98,2874),(7765,'1/4작은술',65,2874),(7766,'약간',195,2874),(7767,'3장',108,2874),(7768,'약간',348,2874),(7769,'약간',145,2874),(7770,'3조각',349,2875),(7771,'2장',54,2875),(7772,'30g',114,2875),(7773,'100g',112,2875),(7774,'2큰술',81,2875),(7775,'2개',59,2875),(7776,'3쪽',64,2875),(7777,'약간',36,2875),(7778,'2큰술',124,2875),(7779,'1과1/2컵',112,2875),(7780,'6큰술',42,2875),(7781,'3/4큰술',75,2875),(7782,'4큰술',98,2875),(7783,'1과1/2큰술',109,2875),(7784,'1과1/2큰술',76,2875),(7785,'1줄',217,2876),(7786,'1큰술',41,2876),(7787,'1작은술',75,2876),(7788,'1작은술',39,2876),(7789,'1큰술',166,2876),(7790,'2작은술',42,2876),(7791,'1작은술',40,2876),(7792,'1/2개',350,2876),(7793,'3개',161,2876),(7794,'1/2개',351,2876),(7795,'약간',352,2876),(7796,'1공기',353,2877),(7797,'1/4개',80,2877),(7798,'30g',56,2877),(7799,'2뿌리',93,2877),(7800,'50g',17,2877),(7801,'1개',15,2877),(7802,'약간',36,2877),(7803,'약간',84,2877),(7804,'약간',167,2877),(7805,'약간',124,2877),(7806,'300g',52,2878),(7807,'1과1/2컵',32,2878),(7808,'18컵',76,2878),(7809,'약간',36,2878),(7810,'1과1/3컵',48,2878),(7811,'2/3컵',354,2878),(7812,'3/4컵',355,2878),(7813,'150g',91,2879),(7814,'150g',198,2879),(7815,'3큰술',76,2879),(7816,'1컵',356,2879),(7817,'50g',357,2879),(7818,'약간',358,2879),(7819,'50g',42,2879),(7820,'1개',15,2879),(7821,'약간',36,2879),(7822,'25g',359,2880),(7823,'2큰술',360,2880),(7824,'1큰술',37,2880),(7825,'1큰술',38,2880),(7826,'1/2큰술',39,2880),(7827,'1큰술',40,2880),(7828,'1큰술',65,2880),(7829,'약간',42,2880),(7830,'약간',36,2880),(7831,'2개',243,2881),(7832,'100g',9,2881),(7833,'1장',54,2881),(7834,'1/4개',87,2881),(7835,'약간',36,2881),(7836,'약간',84,2881),(7837,'약간',109,2881),(7838,'2큰술',75,2881),(7839,'1큰술',116,2881),(7840,'1컵',76,2881),(7841,'500g',217,2882),(7842,'8컵',361,2882),(7843,'1뿌리',104,2882),(7844,'100g',62,2882),(7845,'1개',15,2882),(7846,'약간',36,2882),(7847,'1큰술',75,2882),(7848,'1/2큰술',42,2882),(7849,'2작은술',38,2882),(7850,'1작은술',39,2882),(7851,'1작은술',65,2882),(7852,'1작은술',40,2882),(7853,'약간',84,2882),(7854,'10컵',47,2883),(7855,'2큰술',36,2883),(7856,'20g',337,2883),(7857,'약간',40,2883),(7858,'10개',168,2884),(7859,'100g',362,2884),(7860,'20컵',76,2884),(7861,'280g',363,2884),(7862,'10개',364,2884),(7863,'10알',365,2884),(7864,'2큰술',71,2884),(7865,'1마리',9,2885),(7866,'1큰술',36,2885),(7867,'1큰술',84,2885),(7868,'1큰술',366,2885),(7869,'5큰술',367,2885),(7870,'1/2개',15,2885),(7871,'1/2개',104,2885),(7872,'2개',59,2885),(7873,'1개',58,2885),(7874,'1쪽',168,2885),(7875,'3쪽',64,2885),(7876,'3큰술',75,2885),(7877,'2큰술',42,2885),(7878,'2큰술',98,2885),(7879,'4큰술',76,2885),(7880,'5컵',48,2886),(7881,'5컵',47,2886),(7882,'10큰술',76,2886),(7883,'4컵',52,2886),(7884,'2큰술',36,2886),(7885,'적당량',91,2886),(7886,'1모',17,2887),(7887,'100g',123,2887),(7888,'1/2작은술',36,2887),(7889,'1/4작은술',84,2887),(7890,'약간',93,2887),(7891,'7컵',76,2887),(7892,'1장',90,2887),(7893,'200g',121,2887),(7894,'2작은술',37,2887),(7895,'1작은술',36,2887),(7896,'1/4작은술',84,2887),(7897,'400g',123,2888),(7898,'100g',17,2888),(7899,'200g',121,2888),(7900,'200g',56,2888),(7901,'10톨',187,2888),(7902,'1/2작은술',36,2888),(7903,'1/4작은술',84,2888),(7904,'1/4작은술',65,2888),(7905,'1/2작은술',40,2888),(7906,'3컵',76,2888),(7907,'3큰술',75,2888),(7908,'1과1/2큰술',42,2888),(7909,'1큰술',38,2888),(7910,'1/2큰술',39,2888),(7911,'1/2큰술',65,2888),(7912,'1작은술',40,2888),(7913,'1마리',111,2889),(7914,'1마리',245,2889),(7915,'4마리',112,2889),(7916,'150g',368,2889),(7917,'1개',80,2889),(7918,'1개',85,2889),(7919,'1개',86,2889),(7920,'50g',53,2889),(7921,'1큰술',75,2889),(7922,'1작은술',42,2889),(7923,'1큰술',40,2889),(7924,'약간',124,2889),(7925,'약간',36,2889),(7926,'1큰술',369,2889),(7927,'1/2개',56,2889),(7928,'2컵',370,2890),(7929,'1장',90,2890),(7930,'약간',39,2890),(7931,'7컵',76,2890),(7932,'약간',75,2890),(7933,'약간',36,2890),(7934,'1/4뿌리',104,2890),(7935,'3장',257,2890),(7936,'1개',15,2890),(7937,'2컵',48,2891),(7938,'2/3컵',52,2891),(7939,'5알',70,2891),(7940,'5톨',187,2891),(7941,'1/2작은술',36,2891),(7942,'2컵',32,2892),(7943,'1과 1/3컵',76,2892),(7944,'500g',19,2892),(7945,'150g',13,2892),(7946,'2큰술',40,2892),(7947,'1/5개',121,2892),(7948,'150g',371,2892),(7949,'6큰술',60,2892),(7950,'2큰술',38,2892),(7951,'1½큰술',39,2892),(7952,'1큰술',65,2892),(7953,'1큰술',372,2892),(7954,'약간',373,2893),(7955,'약간',281,2893),(7956,'약간',374,2893),(7957,'약간',375,2893),(7958,'1/2큰술',40,2893),(7959,'2공기',11,2893),(7960,'약간',36,2893),(7961,'약간',78,2893),(7962,'1큰술',376,2893),(7963,'3큰술',204,2893),(7964,'1큰술',41,2893),(7965,'1/2개',58,2893),(7966,'1/2개',59,2893),(7967,'1/2큰술',42,2893),(7968,'약간',40,2893),(7969,'1/2큰술',39,2893),(7970,'50g',377,2894),(7971,'1/2모',17,2894),(7972,'1장',257,2894),(7973,'1개',59,2894),(7974,'1개',378,2894),(7975,'1작은술',39,2894),(7976,'1/4뿌리',104,2894),(7977,'2큰술',204,2894),(7978,'한줌',379,2894),(7979,'3컵',76,2894),(7980,'약간',215,2894),(7981,'50g',337,2895),(7982,'3장',54,2895),(7983,'50g',380,2895),(7984,'1작은술',39,2895),(7985,'2작은술',75,2895),(7986,'약간',42,2895),(7987,'약간',36,2895),(7988,'약간',84,2895),(7989,'약간',124,2895),(7990,'50g',160,2895),(7991,'200g',9,2896),(7992,'2개',381,2896),(7993,'1큰술',310,2896),(7994,'1/2장',8,2896),(7995,'1개',15,2896),(7996,'30g',56,2896),(7997,'1/2대',104,2896),(7998,'약간',36,2896),(7999,'약간',84,2896),(8000,'약간',267,2896),(8001,'약간',91,2896),(8002,'약간',202,2896),(8003,'약간',124,2896),(8004,'150g',382,2897),(8005,'100g',215,2897),(8006,'1개',59,2897),(8007,'3뿌리',93,2897),(8008,'2큰술',124,2897),(8009,'1큰술',39,2897),(8010,'1큰술',116,2897),(8011,'1/2컵',76,2897),(8012,'1/2큰술',369,2897),(8013,'약간',36,2897),(8014,'약간',84,2897),(8015,'1/6포기',12,2898),(8016,'1개',79,2898),(8017,'1/4모',17,2898),(8018,'1/4개',56,2898),(8019,'1/2개',165,2898),(8020,'1개',15,2898),(8021,'약간',39,2898),(8022,'5큰술',91,2898),(8023,'약간',36,2898),(8024,'약간',84,2898),(8025,'약간',177,2898),(8026,'1공기',353,2899),(8027,'200g',383,2899),(8028,'1/2작은술',36,2899),(8029,'1/2개',15,2899),(8030,'6큰술',267,2899),(8031,'1큰술',76,2899),(8032,'1/2컵',42,2899),(8033,'3컵',124,2899),(8034,'100g',277,2900),(8035,'1봉지',119,2900),(8036,'4큰술',204,2900),(8037,'1큰술',39,2900),(8038,'1뿌리',93,2900),(8039,'6컵',76,2900),(8040,'1장',90,2900),(8041,'한줌',89,2900),(8042,'1마리',111,2901),(8043,'100g',62,2901),(8044,'1개',384,2901),(8045,'1개',59,2901),(8046,'1/3대',104,2901),(8047,'3컵',76,2901),(8048,'1작은술',75,2901),(8049,'약간',84,2901),(8050,'2큰술',41,2901),(8051,'1/2큰술',66,2901),(8052,'2작은술',64,2901),(8053,'1/4작은술',40,2901),(8054,'4개',87,2902),(8055,'1/2개',80,2902),(8056,'2개',59,2902),(8057,'4개',385,2902),(8058,'5알',61,2902),(8059,'2장',196,2902),(8060,'10g',362,2902),(8061,'1개',258,2902),(8062,'5큰술',36,2902),(8063,'4컵',76,2902),(8064,'3컵',98,2902),(8065,'1컵',42,2902),(8066,'1/2개',56,2902),(8067,'1컵',227,2902),(8068,'5컵',76,2902),(8069,'2컵',47,2903),(8070,'1/2컵',48,2903),(8071,'10톨',187,2903),(8072,'10알',203,2903),(8073,'10알',70,2903),(8074,'20g',71,2903),(8075,'2개',386,2903),(8076,'적당량',76,2903),(8077,'300g',320,2904),(8078,'30g',387,2904),(8079,'7컵',76,2904),(8080,'3큰술',204,2904),(8081,'1큰술',39,2904),(8082,'약간',36,2904),(8083,'5장',388,2905),(8084,'4장',108,2905),(8085,'4장',277,2905),(8086,'4장',389,2905),(8087,'2공기',11,2905),(8088,'150g',62,2905),(8089,'약간',36,2905),(8090,'약간',84,2905),(8091,'약간',124,2905),(8092,'1큰술',75,2905),(8093,'1큰술',38,2905),(8094,'1/2큰술',42,2905),(8095,'1/2큰술',64,2905),(8096,'1작은술',40,2905),(8097,'1작은술',65,2905),(8098,'2컵',48,2906),(8099,'1컵',47,2906),(8100,'1/2컵',52,2906),(8101,'2컵',390,2906),(8102,'1작은술',36,2906),(8103,'4톨',187,2906),(8104,'4알',70,2906),(8105,'2공기',11,2907),(8106,'4개',15,2907),(8107,'2개',391,2907),(8108,'30g',56,2907),(8109,'10줄기',35,2907),(8110,'약간',36,2907),(8111,'약간',124,2907),(8112,'1/2개',87,2907),(8113,'1큰술',98,2907),(8114,'1큰술',42,2907),(8115,'1/2작은술',36,2907),(8116,'1조각',90,2907),(8117,'150g',243,2908),(8118,'1뿌리',104,2908),(8119,'1개',59,2908),(8120,'약간',36,2908),(8121,'4컵',282,2908),(8122,'2큰술',75,2908),(8123,'1큰술',283,2908),(8124,'1큰술',116,2908),(8125,'150g',119,2909),(8126,'1쪽',114,2909),(8127,'1뿌리',104,2909),(8128,'1/4쪽',392,2909),(8129,'약간',36,2909),(8130,'2와1/2큰술',393,2910),(8131,'4컵',394,2910),(8132,'50g',17,2910),(8133,'10g',122,2910),(8134,'4뿌리',93,2910),(8135,'70g',395,2911),(8136,'10g',396,2911),(8137,'1/2개',110,2911),(8138,'1큰술',298,2911),(8139,'15g',56,2911),(8140,'15g',55,2911),(8141,'10g',114,2911),(8142,'12장',117,2911),(8143,'약간',36,2911),(8144,'약간',61,2911),(8145,'1컵',397,2912),(8146,'1/2컵',71,2912),(8147,'4컵',76,2912),(8148,'1개',70,2912),(8149,'약간',36,2912),(8150,'600g',58,2913),(8151,'3컵',76,2913),(8152,'2개',168,2913),(8153,'2컵',42,2913),(8154,'60g',36,2913),(8155,'2컵',75,2913);
/*!40000 ALTER TABLE `recipe_ingredient` ENABLE KEYS */;
UNLOCK TABLES;

--
-- Table structure for table `refresh_token`
--

DROP TABLE IF EXISTS `refresh_token`;
/*!40101 SET @saved_cs_client     = @@character_set_client */;
/*!50503 SET character_set_client = utf8mb4 */;
CREATE TABLE `refresh_token` (
  `uid` varchar(255) NOT NULL,
  `token_value` varchar(255) DEFAULT NULL,
  PRIMARY KEY (`uid`)
) ENGINE=InnoDB DEFAULT CHARSET=utf8mb4 COLLATE=utf8mb4_0900_ai_ci;
/*!40101 SET character_set_client = @saved_cs_client */;

--
-- Dumping data for table `refresh_token`
--

LOCK TABLES `refresh_token` WRITE;
/*!40000 ALTER TABLE `refresh_token` DISABLE KEYS */;
INSERT INTO `refresh_token` VALUES ('1','eyJhbGciOiJIUzI1NiJ9.eyJzdWIiOiIxIiwiaWF0IjoxNzU1NzE2Nzc3LCJleHAiOjE3NTY5MjYzNzd9.0rvSGDtLbojTQz45BcdDiFNGcy1zIWSJWSvMC7OjLSQ'),('2','eyJhbGciOiJIUzI1NiJ9.eyJzdWIiOiIyIiwiaWF0IjoxNzU1NzE1MDI5LCJleHAiOjE3NTY5MjQ2Mjl9.rDTZp6sxgvGlJAKz4ZaY4_-E8fD_Na8aGpyoc7J_rkQ'),('5','eyJhbGciOiJIUzI1NiJ9.eyJzdWIiOiI1IiwiaWF0IjoxNzU1NzE1ODQwLCJleHAiOjE3NTY5MjU0NDB9.Tzs817JXHn3Zjan0XAKmSbfEDmzZHK07h09ucsTebGM'),('asd123','eyJhbGciOiJIUzI1NiJ9.eyJzdWIiOiJhc2QxMjMiLCJpYXQiOjE3NTY0OTU1NDYsImV4cCI6MTc1NzcwNTE0Nn0.5dFHQfsRKDPpGHTa5FHVY4hBflYIbY_BHHi7Sn_cGQA'),('hi123','eyJhbGciOiJIUzI1NiJ9.eyJzdWIiOiJoaTEyMyIsImlhdCI6MTc2MTYwMDIyMywiZXhwIjoxNzYyODA5ODIzfQ.tJEQm7-zhz9aAP7y8bGn3vpARoMJZxdNIDh0XH-JAsM'),('jjang1811','eyJhbGciOiJIUzI1NiJ9.eyJzdWIiOiJqamFuZzE4MTEiLCJpYXQiOjE3NjAyNTEzMTEsImV4cCI6MTc2MTQ2MDkxMX0.fuqSdYFbDW2AnJ3YV_cuAeF3gi7y3oGRyjkcazuNut0'),('jjeong','eyJhbGciOiJIUzI1NiJ9.eyJzdWIiOiJqamVvbmciLCJpYXQiOjE3NjAwODQ4NTgsImV4cCI6MTc2MTI5NDQ1OH0.iiN8CXvpIsWrw3d32faPw6spXetG1pPP0SmwEznUWfw'),('jss1811','eyJhbGciOiJIUzI1NiJ9.eyJzdWIiOiJqc3MxODExIiwiaWF0IjoxNzU1NzE1Nzg2LCJleHAiOjE3NTY5MjUzODZ9.sVTfJAm2EIFxJdQfO8-3tN_ijDG1cMWwnh653LeYQzc'),('mmmg','eyJhbGciOiJIUzI1NiJ9.eyJzdWIiOiJtbW1nIiwiaWF0IjoxNzYwMDg0NjU4LCJleHAiOjE3NjEyOTQyNTh9.qA1udGMW6ISJr5zJK-z4YXbePoq4ER0NT1QX_XdV9tw'),('mmmgyo','eyJhbGciOiJIUzI1NiJ9.eyJzdWIiOiJtbW1neW8iLCJpYXQiOjE3NTg1NzQwMzQsImV4cCI6MTc1OTc4MzYzNH0.FqYPWS8PrpqqMS2pQyBEJ6YzV_RBxjx8kleq9mpCWIE'),('test01','eyJhbGciOiJIUzI1NiJ9.eyJzdWIiOiJ0ZXN0MDEiLCJpYXQiOjE3NTgwNDI2MDcsImV4cCI6MTc1OTI1MjIwN30.SJ7x6qX6ga4ui_E1Lqt-aoNvkgsHZI-lSldwumYLfv0'),('wjdalsry','eyJhbGciOiJIUzI1NiJ9.eyJzdWIiOiJ3amRhbHNyeSIsImlhdCI6MTc1ODQ2MDkyNSwiZXhwIjoxNzU5NjcwNTI1fQ.3lZ06B1sC45k67VnuHhgp1ANG-j2kyjaNopymfkKBh4'),('wjdalsry1811','eyJhbGciOiJIUzI1NiJ9.eyJzdWIiOiJ3amRhbHNyeTE4MTEiLCJpYXQiOjE3NTY0OTIwNDMsImV4cCI6MTc1NzcwMTY0M30.QSWcsCqpbfUfp2Vm9VPr6qTss7fDdM787rnvV35t7ZY');
/*!40000 ALTER TABLE `refresh_token` ENABLE KEYS */;
UNLOCK TABLES;

--
-- Table structure for table `refrigerators`
--

DROP TABLE IF EXISTS `refrigerators`;
/*!40101 SET @saved_cs_client     = @@character_set_client */;
/*!50503 SET character_set_client = utf8mb4 */;
CREATE TABLE `refrigerators` (
  `refrigerator_id` bigint NOT NULL AUTO_INCREMENT,
  `type` enum('김치냉장고','냉동실','냉장고') NOT NULL,
  `user_id` bigint DEFAULT NULL,
  `is_primary` bit(1) NOT NULL,
  PRIMARY KEY (`refrigerator_id`),
  KEY `FKps913u29n3h8xha12dgb24iof` (`user_id`),
  CONSTRAINT `FKps913u29n3h8xha12dgb24iof` FOREIGN KEY (`user_id`) REFERENCES `users` (`id`)
) ENGINE=InnoDB AUTO_INCREMENT=40 DEFAULT CHARSET=utf8mb4 COLLATE=utf8mb4_0900_ai_ci;
/*!40101 SET character_set_client = @saved_cs_client */;

--
-- Dumping data for table `refrigerators`
--

LOCK TABLES `refrigerators` WRITE;
/*!40000 ALTER TABLE `refrigerators` DISABLE KEYS */;
INSERT INTO `refrigerators` VALUES (1,'냉장고',5,_binary '\0'),(2,'김치냉장고',5,_binary '\0'),(3,'냉동실',5,_binary '\0'),(4,'냉장고',6,_binary '\0'),(5,'김치냉장고',6,_binary '\0'),(6,'냉동실',6,_binary '\0'),(7,'냉장고',7,_binary '\0'),(8,'김치냉장고',7,_binary '\0'),(9,'냉동실',7,_binary '\0'),(10,'냉장고',8,_binary '\0'),(11,'김치냉장고',8,_binary '\0'),(12,'냉동실',8,_binary '\0'),(13,'냉장고',9,_binary '\0'),(14,'김치냉장고',9,_binary '\0'),(15,'냉동실',9,_binary '\0'),(16,'냉장고',10,_binary '\0'),(17,'김치냉장고',10,_binary '\0'),(18,'냉동실',10,_binary '\0'),(19,'냉장고',11,_binary '\0'),(20,'김치냉장고',11,_binary '\0'),(21,'냉동실',11,_binary '\0'),(22,'냉장고',12,_binary '\0'),(23,'김치냉장고',12,_binary '\0'),(24,'냉동실',12,_binary '\0'),(25,'냉장고',13,_binary '\0'),(26,'김치냉장고',13,_binary '\0'),(27,'냉동실',13,_binary '\0'),(28,'냉장고',14,_binary '\0'),(29,'김치냉장고',14,_binary '\0'),(30,'냉동실',14,_binary '\0'),(31,'냉장고',15,_binary '\0'),(32,'김치냉장고',15,_binary '\0'),(33,'냉동실',15,_binary '\0'),(34,'냉장고',16,_binary '\0'),(35,'김치냉장고',16,_binary '\0'),(36,'냉동실',16,_binary '\0'),(37,'냉장고',17,_binary '\0'),(38,'김치냉장고',17,_binary '\0'),(39,'냉동실',17,_binary '\0');
/*!40000 ALTER TABLE `refrigerators` ENABLE KEYS */;
UNLOCK TABLES;

--
-- Table structure for table `users`
--

DROP TABLE IF EXISTS `users`;
/*!40101 SET @saved_cs_client     = @@character_set_client */;
/*!50503 SET character_set_client = utf8mb4 */;
CREATE TABLE `users` (
  `id` bigint NOT NULL AUTO_INCREMENT,
  `uid` varchar(255) NOT NULL,
  `password` varchar(255) NOT NULL,
  `nickname` varchar(255) NOT NULL,
  PRIMARY KEY (`id`),
  UNIQUE KEY `UK_uid` (`uid`),
  UNIQUE KEY `UK_nickname` (`nickname`)
) ENGINE=InnoDB AUTO_INCREMENT=18 DEFAULT CHARSET=utf8mb4 COLLATE=utf8mb4_0900_ai_ci;
/*!40101 SET character_set_client = @saved_cs_client */;

--
-- Dumping data for table `users`
--

LOCK TABLES `users` WRITE;
/*!40000 ALTER TABLE `users` DISABLE KEYS */;
INSERT INTO `users` VALUES (1,'js1811','$2a$10$k5fviR3MTZmZ7ktnLo.F/OPDpDn0vCrXWZCBasZ96VFgezlD8r4vi','정민교'),(2,'test1234','$2a$10$MBCcCuFVZ4sdPG5HSf9tg.cu47n2oZQeKm.1zK2.OaruVB0C8D5rO','테스트'),(5,'1','$2a$10$C.RgTCVhmckHa1ehx4KJjuXlHOhYjG43ByuTcMGkmGXwnhk0T9dGC','1'),(6,'2','$2a$10$fm0RKDrFzTOmQ4wPx0OAmeFQt.XLichhMWy8XsqnULXehAsB2lpZ2','2'),(7,'jss1811','$2a$10$OyK9iv1iF5aG47WZPOpgzeTgbqwqFzCc24PorckdRA7eP6qHTDtpe','hi'),(8,'5','$2a$10$afenlqM5384/WihiXrje8u1125h7eGmmWNDtRCAAn9ZVwIt40Z.6a','5'),(9,'wjdalsry1811','$2a$10$oJDynePADtEYxThV10QKJeeUHrVZZauBV6H3WSByebB7IRlbzNjQq','hello'),(10,'hi123','$2a$10$YbPUE2fYDXvGuUplvuD2RuiuR4WpiZqP3ppRNwTjCl2PnPpqJFIYS','jjj'),(11,'jjang1811','$2a$10$IoVBUfYEWTnIg3rNXBLbVe7UWuXVmVyPTiTWa7W7lVcC7wJpnMYfu','hii'),(12,'asd123','$2a$10$f2u4VWcZuvD2Y/7q7ffvtuiBeqUchqcqWnrhHbK3YVv2pKREinCqi','jjjj'),(13,'test01','$2a$10$ZGV.4lNxE46ZkLNKcLpucOkxsGuQvy6dZYjkPNQTwR6QlSG/DLPRi','a'),(14,'mmmgyo','$2a$10$x4uVlofSOf3U.XHXKj/2zO.TbdHO9eb5vLNo17Mz21nm//Wx15ME.','j1j1'),(15,'wjdalsry','$2a$10$bigS0mztmxxYgBN843Nomuer8ZWoBsTOYRGH1x1LDaQDeudhvZLjS','jjy'),(16,'mmmg','$2a$10$tB1dPQrTXx6F7.Sr7kJhAOtZIYy1j0dfXiP1di5vxN9E18K1h0N5C','jjjiwji'),(17,'jjeong','$2a$10$ErvSNTzY9aKDh8PMIczqDeSe87aBoD1vFCgPDJKpg0AoGS2kEuB3u','jjjfjf');
/*!40000 ALTER TABLE `users` ENABLE KEYS */;
UNLOCK TABLES;
/*!40103 SET TIME_ZONE=@OLD_TIME_ZONE */;

/*!40101 SET SQL_MODE=@OLD_SQL_MODE */;
/*!40014 SET FOREIGN_KEY_CHECKS=@OLD_FOREIGN_KEY_CHECKS */;
/*!40014 SET UNIQUE_CHECKS=@OLD_UNIQUE_CHECKS */;
/*!40101 SET CHARACTER_SET_CLIENT=@OLD_CHARACTER_SET_CLIENT */;
/*!40101 SET CHARACTER_SET_RESULTS=@OLD_CHARACTER_SET_RESULTS */;
/*!40101 SET COLLATION_CONNECTION=@OLD_COLLATION_CONNECTION */;
/*!40111 SET SQL_NOTES=@OLD_SQL_NOTES */;

-- Dump completed on 2025-10-28  7:03:25
